id_intervallo,Start,End,Latitude_inizio,Latitude_fine,Longitude_inizio,Longitude_fine,Velocit√†,"LF[315,1000]_mean","LF[315,1000]_max",classe_acustica,Longitudinal,Transverse,Alligator,Pothole,Manhole,Longitudinal_sx,Transverse_sx,Alligator_sx,Pothole_sx,Manhole_sx,Longitudinal_dx,Transverse_dx,Alligator_dx,Pothole_dx,Manhole_dx,Longitudinal_both,Transverse_both,Alligator_both,Pothole_both,Manhole_both,indice_finale
0,2025-07-31 09:18:03,2025-07-31 09:18:11.391128576,43.68389,43.683955866928194,10.437695,10.43747276212026,4.211267506254019,-80.3379111706062,-66.50882533020038,-1,0,0,0,0,0,0,0,0,0,0,0,0,0,0,0,0,0,0,0,0,0
1,2025-07-31 09:18:11.391128576,2025-07-31 09:18:15.367626752,43.683955866928194,43.68402901920158,10.43747276212026,10.43724627572858,4.862102753870531,-65.61260974134636,-62.46816650062623,-1,10,9,0,1,1,0,4,0,1,3,1,3,2,0,0,0,2,0,0,0,3
2,2025-07-31 09:18:15.367626752,2025-07-31 09:18:22.158312960,43.68402901920158,43.68407823655476,10.43724627572858,10.437017875921438,4.422744557492563,-68.92141278429347,-45.83565054760408,-1,0,0,0,0,3,0,0,0,0,0,0,0,0,0,0,0,0,0,0,0,0
3,2025-07-31 09:18:22.158312960,2025-07-31 09:18:25.827301376,43.68407823655476,43.68393421059557,10.437017875921438,10.436876332284454,4.881698487152791,-69.45005098380287,-61.35721822162473,-1,0,0,0,0,0,0,0,0,0,0,0,0,0,0,0,0,0,0,0,0,0
4,2025-07-31 09:18:25.827301376,2025-07-31 09:18:28.298251008,43.68393421059557,43.68377195867262,10.436876332284454,10.436768917864484,7.489952395215705,-62.96717564647986,-58.20852216205612,0,0,0,0,0,0,0,0,0,0,0,0,0,0,0,0,0,0,0,0,0,0
5,2025-07-31 09:18:29,2025-07-31 09:18:31.081721600,43.68372166666666,43.683558326062034,10.436735,10.436630777712711,9.778380133748502,-58.65175533753244,-56.36125850275139,0,0,0,0,0,0,0,0,0,0,0,0,0,0,0,0,0,0,0,0,0,0
6,2025-07-31 09:18:31.081721600,2025-07-31 09:18:33.051175680,43.683558326062034,43.68339539417999,10.436630777712711,10.43652534807962,10.042313635678616,-57.01737552516512,-55.124226770419504,0,0,0,0,0,0,0,0,0,0,0,0,0,0,0,0,0,0,0,0,0,0
7,2025-07-31 09:18:33.051175680,2025-07-31 09:18:34.827365376,43.68339539417999,43.6832327792365,10.43652534807962,10.4364189791384,10.864476602117728,-53.99856937579772,-49.95177728169536,1,0,0,0,0,0,0,0,0,0,0,0,0,0,0,0,0,0,0,0,0,0
8,2025-07-31 09:18:34.827365376,2025-07-31 09:18:36.589478400,43.6832327792365,43.68307096447932,10.4364189791384,10.436310315498217,11.37819287549194,-50.94859865295048,-49.48483962661132,1,0,0,0,0,0,0,0,0,0,0,0,0,0,0,0,0,0,0,0,0,0
9,2025-07-31 09:18:36.589478400,2025-07-31 09:18:38.395545600,43.68307096447932,43.68290905271735,10.436310315498217,10.436201926508478,11.14354182143392,-50.74537659593182,-47.911386756040685,1,0,0,0,0,0,0,0,0,0,0,0,0,0,0,0,0,0,0,0,0,0
10,2025-07-31 09:18:38.395545600,2025-07-31 09:18:40.405628416,43.68290905271735,43.68274660600463,10.436201926508478,10.436095080050592,10.201378589595986,-49.06673482017448,-45.70100631950687,2,1,4,1,3,2,4,4,0,0,2,8,4,4,0,0,0,0,0,0,0,2
11,2025-07-31 09:18:40.405628416,2025-07-31 09:18:43.845473536,43.68274660600463,43.68259693895218,10.436095080050592,10.435962590183344,6.801313931783627,-53.911436586891874,-47.42830697169117,2,2,4,2,1,0,1,0,2,0,2,1,4,3,0,0,0,0,1,0,0,3
12,2025-07-31 09:18:43.845473536,2025-07-31 09:18:47.158266112,43.68259693895218,43.68261246975677,10.435962590183344,10.435725576280465,6.018890359713719,-63.54232349283484,-54.6540206865492,2,13,0,1,0,1,2,2,3,0,0,2,1,0,0,0,0,0,0,0,0,3
13,2025-07-31 09:18:47.158266112,2025-07-31 09:18:49.261117952,43.68261246975677,43.68269298177525,10.435725576280465,10.435503739972404,8.836540147455015,-55.449589954988674,-51.50756437888524,1,6,5,0,2,0,10,6,2,0,1,2,2,0,0,0,0,0,0,0,0,2
14,2025-07-31 09:18:49.261117952,2025-07-31 09:18:51.090516480,43.68269298177525,43.68277452582289,10.435503739972404,10.435282629417422,10.569107080809282,-53.94815559734249,-51.78913490292375,0,7,0,0,0,1,3,1,1,0,2,0,0,0,0,0,0,2,0,0,0,2
15,2025-07-31 09:18:51.090516480,2025-07-31 09:18:52.673802496,43.68277452582289,43.68285481313072,10.435282629417422,10.435060631966453,12.075702204014364,-52.10718539587397,-49.87465567687546,0,7,5,0,0,2,4,0,0,0,1,0,0,0,0,0,0,0,0,0,0,2
16,2025-07-31 09:18:52.673802496,2025-07-31 09:18:54.166988800,43.68285481313072,43.6829341843772,10.435060631966453,10.43483800671742,13.152000163504091,-53.22554874648743,-51.28798905590877,0,4,0,0,0,1,1,0,0,0,0,0,0,0,0,0,0,0,0,0,0,0
17,2025-07-31 09:18:54.166988800,2025-07-31 09:18:55.610152192,43.6829341843772,43.6830145752968,10.43483800671742,10.434616076140216,13.72187892478177,-49.60941596655744,-44.58710623218441,2,4,0,0,0,0,1,0,0,0,1,0,0,0,0,0,0,0,0,0,0,1
18,2025-07-31 09:18:55.610152192,2025-07-31 09:18:57.004140544,43.6830145752968,43.68309523462844,10.434616076140216,10.434394330618868,14.18964124103526,-48.96340394179542,-47.727920137477454,0,4,0,0,0,0,2,0,5,0,2,0,0,0,0,0,0,0,0,0,0,2
19,2025-07-31 09:18:57.004140544,2025-07-31 09:18:58.392253440,43.68309523462844,43.6831738943645,10.434394330618868,10.43417122653057,14.40965884692469,-49.69246911402732,-48.13976456345629,0,10,4,1,1,0,4,6,3,0,2,0,0,0,0,0,0,0,0,0,0,3
20,2025-07-31 09:18:59,2025-07-31 09:19:00.410698496,43.68320833333333,43.68328660625462,10.434075,10.433851639386608,14.187047915582664,-50.33163252953783,-48.93428695786475,0,5,0,0,1,0,0,0,4,0,1,0,0,1,0,0,0,0,0,0,0,2
21,2025-07-31 09:19:00.410698496,2025-07-31 09:19:01.815713280,43.68328660625462,43.68336622375136,10.433851639386608,10.433629178733929,14.210886210869678,-48.59796060852365,-45.14225421361496,1,4,1,0,0,0,3,1,4,0,2,0,0,0,0,0,0,0,0,0,0,2
22,2025-07-31 09:19:01.815713280,2025-07-31 09:19:03.216059648,43.68336622375136,43.68344391005252,10.433629178733929,10.433405430439937,14.263587950052688,-49.179023603917024,-48.03157571186756,0,4,3,0,0,1,5,0,0,0,1,0,0,0,0,0,0,0,0,0,0,2
23,2025-07-31 09:19:03.216059648,2025-07-31 09:19:04.609268992,43.68344391005252,43.683522858575095,10.433405430439937,10.433182516964443,14.323897606726874,-49.1819854170199,-48.57002392918946,0,6,0,0,1,1,4,0,0,0,0,0,0,0,0,0,0,1,0,0,0,1
24,2025-07-31 09:19:04.609268992,2025-07-31 09:19:05.999602432,43.683522858575095,43.683599978129735,10.433182516964443,10.432958397618648,14.375987755128325,-48.826045919300505,-46.85604444588041,0,5,4,0,0,1,2,0,0,0,0,0,0,0,0,0,0,0,0,0,0,0
25,2025-07-31 09:19:05.999602432,2025-07-31 09:19:07.381181952,43.683599978129735,43.68367826698173,10.432958397618648,10.432735042238388,14.436418158022352,-50.58962376967349,-49.490382094350224,0,0,0,0,0,0,0,0,0,0,0,0,0,0,0,0,0,0,0,0,0,0
26,2025-07-31 09:19:07.381181952,2025-07-31 09:19:08.769184256,43.68367826698173,43.68375692044406,10.432735042238388,10.432511930510897,14.429703462118509,-49.82915469691611,-45.20596850860328,1,0,0,0,0,0,0,0,0,0,0,0,0,0,0,0,0,0,0,0,0,0
27,2025-07-31 09:19:08.769184256,2025-07-31 09:19:10.175212288,43.68375692044406,43.683836595363765,10.432511930510897,10.4322895087599,14.287845541260886,-50.33076534121818,-49.46940061956251,0,0,0,0,0,0,0,0,0,0,0,0,0,0,0,0,0,0,0,0,0,0
28,2025-07-31 09:19:10.175212288,2025-07-31 09:19:11.643403776,43.683836595363765,43.683916575858106,10.4322895087599,10.43206730078989,13.820290149745002,-50.59912183301606,-48.45729563013982,0,0,0,0,0,0,0,0,0,0,0,0,0,0,0,0,0,0,0,0,0,0
29,2025-07-31 09:19:11.643403776,2025-07-31 09:19:13.255867392,43.683916575858106,43.68399527380593,10.43206730078989,10.431844217697336,12.8119686554272,-50.53914467302813,-48.32043618221552,0,0,0,0,0,0,0,0,0,0,0,0,0,0,0,0,0,0,0,0,0,0
30,2025-07-31 09:19:13.255867392,2025-07-31 09:19:14.988215296,43.68399527380593,43.6840744696897,10.431844217697336,10.43162147308418,11.717357046673609,-50.98123544271596,-48.85928550552328,1,0,0,0,0,0,0,0,0,0,0,0,0,0,0,0,0,0,0,0,0,0
31,2025-07-31 09:19:14.988215296,2025-07-31 09:19:16.998692608,43.6840744696897,43.68415328539703,10.43162147308418,10.431398468426549,10.267537277872592,-52.539627553143504,-50.025781828889095,1,0,0,0,0,0,0,0,0,0,0,0,0,0,0,0,0,0,0,0,0,0
32,2025-07-31 09:19:16.998692608,2025-07-31 09:19:24.473144576,43.68415328539703,43.68425288574437,10.431398468426549,10.431205447588964,5.420469859777187,-68.43404162953749,-47.324385974932056,-1,0,0,0,0,0,0,0,0,0,0,0,0,0,0,0,0,0,0,0,0,0
33,2025-07-31 09:19:24.473144576,2025-07-31 09:19:28.838718976,43.68425288574437,43.6844127962091,10.431205447588964,10.43109317176473,3.9682097251963584,-74.43929805955548,-62.07291671517176,-1,0,0,0,0,0,0,0,0,0,0,0,0,0,0,0,0,0,0,0,0,0
34,2025-07-31 09:19:29,2025-07-31 09:19:31.461422592,43.684421666666665,43.684598580465895,10.431088333333332,10.431086278378862,8.657805971498338,-59.13698380328588,-53.58016473556927,0,0,0,0,0,0,0,0,0,0,0,0,0,0,0,0,0,0,0,0,0,0
35,2025-07-31 09:19:31.461422592,2025-07-31 09:19:33.492763648,43.684598580465895,43.68476355157548,10.431086278378862,10.431183720424038,9.433843499652674,-55.089256564478674,-51.66782169340752,1,0,0,0,0,0,0,0,0,0,0,0,0,0,0,0,0,0,0,0,0,0
36,2025-07-31 09:19:33.492763648,2025-07-31 09:19:35.171256576,43.68476355157548,43.68492326736163,10.431183720424038,10.431298129666173,11.3451006666736,-53.812630473061056,-52.63530557885771,0,0,0,0,0,0,0,0,0,0,0,0,0,0,0,0,0,0,0,0,0,0
37,2025-07-31 09:19:35.171256576,2025-07-31 09:19:36.621307392,43.68492326736163,43.68508415253602,10.431298129666173,10.43140930023796,13.232337207206584,-48.05281279821901,-47.02824316861613,1,0,0,0,0,0,0,0,0,0,0,0,0,0,0,0,0,0,0,0,0,0
38,2025-07-31 09:19:36.621307392,2025-07-31 09:19:37.947395840,43.68508415253602,43.68524675782822,10.43140930023796,10.431515704003326,14.650716857407737,-49.06848658814758,-45.44821957130908,1,0,0,0,0,0,0,0,0,0,0,0,0,0,0,0,0,0,0,0,0,0
39,2025-07-31 09:19:37.947395840,2025-07-31 09:19:39.208966656,43.68524675782822,43.68540786220987,10.431515704003326,10.431626244935025,15.618745791839617,-47.46654161235801,-45.73489820135169,1,0,0,0,0,0,0,0,0,0,0,0,0,0,0,0,0,0,0,0,0,0
40,2025-07-31 09:19:39.208966656,2025-07-31 09:19:40.370147584,43.68540786220987,43.68556638780891,10.431626244935025,10.431743681417071,16.595740371251136,-46.297251342641616,-44.63936987690136,1,0,0,0,0,0,0,0,0,0,0,0,0,0,0,0,0,0,0,0,0,0
41,2025-07-31 09:19:40.370147584,2025-07-31 09:19:41.490597120,43.68556638780891,43.685726985573446,10.431743681417071,10.431855726369072,17.560523483322278,-47.803651209348686,-45.136145755068455,0,0,0,0,0,0,0,0,0,0,0,0,0,0,0,0,0,0,0,0,0,0
42,2025-07-31 09:19:41.490597120,2025-07-31 09:19:42.607451392,43.685726985573446,43.68588808043796,10.431855726369072,10.431966399377464,17.88206624264038,-48.98791753063295,-47.12501212436876,0,0,0,0,0,0,0,0,0,0,0,0,0,0,0,0,0,0,0,0,0,0
43,2025-07-31 09:19:42.607451392,2025-07-31 09:19:43.732348416,43.68588808043796,43.68604874935175,10.431966399377464,10.432078234836526,17.83577442138624,-47.90809979869418,-45.91952450510627,0,0,0,0,0,0,0,0,0,0,0,0,0,0,0,0,0,0,0,0,0,0
44,2025-07-31 09:19:43.732348416,2025-07-31 09:19:44.877477120,43.68604874935175,43.68620951346174,10.432078234836526,10.432189822787072,17.595400313428176,-47.323579861272194,-45.394400243956326,0,0,0,0,0,0,0,0,0,0,0,0,0,0,0,0,0,0,0,0,0,0
45,2025-07-31 09:19:44.877477120,2025-07-31 09:19:46.056423424,43.68620951346174,43.68637076240965,10.432189822787072,10.4323000781028,17.172757675230024,-48.25581382128999,-46.23140026322157,0,0,0,0,0,0,0,0,0,0,0,0,0,0,0,0,0,0,0,0,0,0
46,2025-07-31 09:19:46.056423424,2025-07-31 09:19:47.292219136,43.68637076240965,43.6865320144378,10.4323000781028,10.432410325667965,16.530802047008237,-48.00713934430336,-45.764575038592426,0,0,0,0,0,0,0,0,0,0,0,0,0,0,0,0,0,0,0,0,0,0
47,2025-07-31 09:19:47.292219136,2025-07-31 09:19:48.608728832,43.6865320144378,43.6866936995881,10.432410325667965,10.43251935043156,15.588133168359125,-48.88041749926813,-46.42737223173821,0,0,0,0,0,0,0,0,0,0,0,0,0,0,0,0,0,0,0,0,0,0
48,2025-07-31 09:19:48.608728832,2025-07-31 09:19:50.150067456,43.6866936995881,43.686855338723184,10.43251935043156,10.432628503817808,13.699951045445818,-46.62717345864338,-41.728127469685525,2,0,0,0,0,0,0,0,0,0,0,0,0,0,0,0,0,0,0,0,0,0
49,2025-07-31 09:19:50.150067456,2025-07-31 09:19:52.691226112,43.686855338723184,43.68701098237702,10.432628503817808,10.432752134420504,9.293827118379332,-47.70520138949716,-44.65376477576434,2,0,0,0,0,0,0,0,0,0,0,0,0,0,0,0,0,0,0,0,0,0
50,2025-07-31 09:19:52.691226112,2025-07-31 09:19:56.345078272,43.68701098237702,43.68711989467034,10.432752134420504,10.432947946498665,6.233671775969961,-57.77558724464818,-50.1838105747936,2,0,0,0,0,0,0,0,0,0,0,0,0,0,0,0,0,0,0,0,0,0
51,2025-07-31 09:19:59,2025-07-31 09:20:01.295901440,43.687265,43.68744465845768,10.433061666666667,10.433063758194022,8.905311494357123,-51.64113853526994,-49.30898921272199,2,0,0,0,0,0,0,0,0,0,0,0,0,0,0,0,0,0,0,0,0,0
52,2025-07-31 09:20:01.295901440,2025-07-31 09:20:03.254793472,43.68744465845768,43.68761463003935,10.433063758194022,10.433140319567366,9.834757139425292,-52.04988717145095,-50.2285332506555,1,0,0,0,0,0,0,0,0,0,0,0,0,0,0,0,0,0,0,0,0,0
53,2025-07-31 09:20:03.254793472,2025-07-31 09:20:04.806805760,43.68761463003935,43.68777541531225,10.433140319567366,10.433251855116628,12.06721792458099,-48.727432759910045,-44.76680714898768,2,0,0,0,0,0,0,0,0,0,0,0,0,0,0,0,0,0,0,0,0,0
54,2025-07-31 09:20:04.806805760,2025-07-31 09:20:06.214190336,43.68777541531225,43.687936655541655,10.433251855116628,10.433362135228563,13.83571734398809,-45.917973988347406,-40.22629814499869,2,0,0,0,0,0,0,0,0,0,0,0,0,0,0,0,0,0,0,0,0,0
55,2025-07-31 09:20:06.214190336,2025-07-31 09:20:07.558894592,43.687936655541655,43.6880981951623,10.433362135228563,10.433471574552645,14.65520457952748,-41.50135189729441,-38.36359941225378,2,0,0,0,0,0,0,0,0,0,0,0,0,0,0,0,0,0,0,0,0,0
56,2025-07-31 09:20:07.558894592,2025-07-31 09:20:08.819327232,43.6880981951623,43.688259845863904,10.433471574552645,10.433580707232313,15.495616120918667,-44.22731192262452,-41.94707286606439,2,0,0,0,0,0,0,0,0,0,0,0,0,0,0,0,0,0,0,0,0,0
57,2025-07-31 09:20:08.819327232,2025-07-31 09:20:10.021362688,43.688259845863904,43.68842132412741,10.433580707232313,10.433690327196052,16.357611988524198,-43.53888138730954,-41.78786133212861,2,0,0,0,0,0,0,0,0,0,0,0,0,0,0,0,0,0,0,0,0,0
58,2025-07-31 09:20:10.021362688,2025-07-31 09:20:11.178200320,43.68842132412741,43.688583281374434,10.433690327196052,10.43379859569456,17.01156811537943,-44.55079692929886,-43.33475356689527,1,0,0,0,0,0,0,0,0,0,0,0,0,0,0,0,0,0,0,0,0,0
59,2025-07-31 09:20:11.178200320,2025-07-31 09:20:12.328559872,43.688583281374434,43.68874487930607,10.43379859569456,10.433907879848384,17.34147419813522,-40.34567875839106,-32.05764679036524,2,0,0,0,0,0,0,0,0,0,0,0,0,0,0,0,0,0,0,0,0,0
60,2025-07-31 09:20:12.328559872,2025-07-31 09:20:13.466667520,43.68874487930607,43.68890688901669,10.433907879848384,10.434016000084709,17.48773970699532,-36.822996942541806,-35.31316252365326,2,0,0,0,0,0,0,0,0,0,0,0,0,0,0,0,0,0,0,0,0,0
61,2025-07-31 09:20:13.466667520,2025-07-31 09:20:14.588973568,43.68890688901669,43.68906873449742,10.434016000084709,10.434124582398631,17.710576943238745,-40.624334437683615,-38.88900805725756,2,0,0,0,0,0,0,0,0,0,0,0,0,0,0,0,0,0,0,0,0,0
62,2025-07-31 09:20:14.588973568,2025-07-31 09:20:15.696390656,43.68906873449742,43.68923047061344,10.434124582398631,10.434233478403709,17.954982553901615,-40.34053779742841,-39.08100416593764,2,0,0,0,0,0,0,0,0,0,0,0,0,0,0,0,0,0,0,0,0,0
63,2025-07-31 09:20:15.696390656,2025-07-31 09:20:16.790209024,43.68923047061344,43.68939221435616,10.434233478403709,10.4343423542476,18.185559754449827,-41.20155415599341,-40.502825138328696,2,0,0,0,0,0,0,0,0,0,0,0,0,0,0,0,0,0,0,0,0,0
64,2025-07-31 09:20:16.790209024,2025-07-31 09:20:17.880299264,43.68939221435616,43.6895539110551,10.4343423542476,10.43445136325812,18.32347344319668,-42.52178981522231,-40.0978673376521,2,0,0,0,0,0,0,0,0,0,0,0,0,0,0,0,0,0,0,0,0,0
65,2025-07-31 09:20:17.880299264,2025-07-31 09:20:18.924908800,43.6895539110551,43.68971502753672,10.43445136325812,10.434561990276164,18.764324848789748,-41.5581253983263,-40.33494314975037,2,0,0,0,0,0,0,0,0,0,0,0,0,0,0,0,0,0,0,0,0,0
66,2025-07-31 09:20:18.924908800,2025-07-31 09:20:19.926582528,43.68971502753672,43.68987800847522,10.434561990276164,10.434667291162642,19.57466315569002,-42.02807443059584,-41.166209118134425,1,0,0,0,0,0,0,0,0,0,0,0,0,0,0,0,0,0,0,0,0,0
67,2025-07-31 09:20:19.926582528,2025-07-31 09:20:20.922300160,43.68987800847522,43.69004371667409,10.434667291162642,10.434764155670974,20.026769078760463,-42.5769990056332,-41.37429521231873,1,0,0,0,0,0,0,0,0,0,0,0,0,0,0,0,0,0,0,0,0,0
68,2025-07-31 09:20:20.922300160,2025-07-31 09:20:21.935214592,43.69004371667409,43.690210977055806,10.434764155670974,10.434855835969834,19.91314618792917,-36.313067636291045,-34.436932153958566,2,0,0,0,0,0,0,0,0,0,0,0,0,0,0,0,0,0,0,0,0,0
69,2025-07-31 09:20:21.935214592,2025-07-31 09:20:22.950446080,43.690210977055806,43.6903800743565,10.434855835969834,10.43494087051159,19.72011297416187,-36.7360872650302,-33.66218311214655,2,0,0,0,0,0,0,0,0,0,0,0,0,0,0,0,0,0,0,0,0,0
70,2025-07-31 09:20:22.950446080,2025-07-31 09:20:23.967837696,43.6903800743565,43.69055125266986,10.43494087051159,10.435017587823204,19.678548183120824,-41.26587300446932,-39.056762462863325,2,0,0,0,0,0,0,0,0,0,0,0,0,0,0,0,0,0,0,0,0,0
71,2025-07-31 09:20:23.967837696,2025-07-31 09:20:24.984382208,43.69055125266986,43.69072401165749,10.435017587823204,10.435087266123764,19.666102771029923,-40.3321041929936,-37.88070094652689,2,0,0,0,0,0,0,0,0,0,0,0,0,0,0,0,0,0,0,0,0,0
72,2025-07-31 09:20:24.984382208,2025-07-31 09:20:25.999095552,43.69072401165749,43.69089817808712,10.435087266123764,10.435149944231942,19.69265553448158,-41.25061765540256,-38.11837936554839,2,0,0,0,0,0,0,0,0,0,0,0,0,0,0,0,0,0,0,0,0,0
73,2025-07-31 09:20:25.999095552,2025-07-31 09:20:27.015436032,43.69089817808712,43.69107439370092,10.435149944231942,10.43520056598824,19.694486094376163,-39.62753022102843,-37.9401150356724,2,0,0,0,0,0,0,0,0,0,0,0,0,0,0,0,0,0,0,0,0,0
74,2025-07-31 09:20:27.015436032,2025-07-31 09:20:28.023453696,43.69107439370092,43.69125243771983,10.43520056598824,10.435236862113642,19.759654345538635,-41.632108268054544,-40.80298673418685,2,0,0,0,0,0,0,0,0,0,0,0,0,0,0,0,0,0,0,0,0,0
75,2025-07-31 09:20:29,2025-07-31 09:20:30.009093888,43.69142333333333,43.69160327325118,10.435245,10.43523821208167,19.819748209174183,-38.83017251740163,-36.81589955556319,2,0,0,0,0,0,0,0,0,0,0,0,0,0,0,0,0,0,0,0,0,0
76,2025-07-31 09:20:30.009093888,2025-07-31 09:20:31.026482176,43.69160327325118,43.69178301184963,10.43523821208167,10.435224646904432,19.73896302629862,-43.10400664345643,-41.29815226491907,1,0,0,0,0,0,0,0,0,0,0,0,0,0,0,0,0,0,0,0,0,0
77,2025-07-31 09:20:31.026482176,2025-07-31 09:20:32.044286976,43.69178301184963,43.691962750222274,10.435224646904432,10.43521107617354,19.65408379124498,-44.11165739338416,-43.08461519630601,0,0,0,0,0,0,0,0,0,0,0,0,0,0,0,0,0,0,0,0,0,0
78,2025-07-31 09:20:32.044286976,2025-07-31 09:20:33.072045312,43.691962750222274,43.69214248784848,10.43521107617354,10.435197492805072,19.55472232311604,-43.26118583771098,-41.77842367872225,1,0,0,0,0,0,0,0,0,0,0,0,0,0,0,0,0,0,0,0,0,0
79,2025-07-31 09:20:33.072045312,2025-07-31 09:20:34.109316096,43.69214248784848,43.69232228145007,10.435197492805072,10.435185391312658,19.37041165031216,-46.20133508838181,-38.891909534903824,2,0,0,0,0,0,0,0,0,0,0,0,0,0,0,0,0,0,0,0,0,0
80,2025-07-31 09:20:34.109316096,2025-07-31 09:20:35.147951616,43.69232228145007,43.69250206502864,10.435185391312658,10.43517302731169,19.26821090714004,-45.37675429279773,-44.186304909766456,0,0,0,0,0,0,0,0,0,0,0,0,0,0,0,0,0,0,0,0,0,0
81,2025-07-31 09:20:35.147951616,2025-07-31 09:20:36.198869760,43.69250206502864,43.69268180972837,10.43517302731169,10.435159677969931,19.14117011947912,-44.91236028247437,-43.82822119753922,0,0,0,0,0,0,0,0,0,0,0,0,0,0,0,0,0,0,0,0,0,0
82,2025-07-31 09:20:36.198869760,2025-07-31 09:20:37.267231488,43.69268180972837,43.69286165061281,10.435159677969931,10.435148994353035,18.873769385597164,-46.46841251836423,-45.219438369701656,0,0,0,0,0,0,0,0,0,0,0,0,0,0,0,0,0,0,0,0,0,0
83,2025-07-31 09:20:37.267231488,2025-07-31 09:20:38.335592960,43.69286165061281,43.69304149149257,10.435148994353035,10.435138310736416,18.720252197134823,-45.44417876327847,-44.03758308431901,0,0,0,0,0,0,0,0,0,0,0,0,0,0,0,0,0,0,0,0,0,0
84,2025-07-31 09:20:38.335592960,2025-07-31 09:20:39.400001536,43.69304149149257,43.693221333598025,10.435138310736416,10.435127666651098,18.757254223502272,-50.8072709051071,-49.01777614235816,0,0,0,0,0,0,0,0,0,0,0,0,0,0,0,0,0,0,0,0,0,0
85,2025-07-31 09:20:39.400001536,2025-07-31 09:20:40.453324544,43.693221333598025,43.69340115403614,10.435127666651098,10.43511637788104,18.89308611422957,-50.07354195027437,-49.07151361076486,0,0,0,0,0,0,0,0,0,0,0,0,0,0,0,0,0,0,0,0,0,0
86,2025-07-31 09:20:40.453324544,2025-07-31 09:20:41.486653184,43.69340115403614,43.69358097538045,10.43511637788104,10.435105133469031,19.17772955173256,-50.39572756849375,-49.460004370937824,0,0,0,0,0,0,0,0,0,0,0,0,0,0,0,0,0,0,0,0,0,0
87,2025-07-31 09:20:41.486653184,2025-07-31 09:20:42.495230976,43.69358097538045,43.69376080825253,10.435105133469031,10.43509422230462,19.59751328974996,-45.21721452934732,-43.87439469056063,0,0,0,0,0,0,0,0,0,0,0,0,0,0,0,0,0,0,0,0,0,0
88,2025-07-31 09:20:42.495230976,2025-07-31 09:20:43.485204992,43.69376080825253,43.6939406209049,10.43509422230462,10.435082672609084,20.01610925206026,-44.884280796767605,-43.12142913468886,0,0,0,0,0,0,0,0,0,0,0,0,0,0,0,0,0,0,0,0,0,0
89,2025-07-31 09:20:43.485204992,2025-07-31 09:20:44.461959424,43.6939406209049,43.69412046248604,10.435082672609084,10.435072047072827,20.33736957558421,-43.16238787488009,-41.90846889916867,1,0,0,0,0,0,0,0,0,0,0,0,0,0,0,0,0,0,0,0,0,0
90,2025-07-31 09:20:44.461959424,2025-07-31 09:20:45.434227200,43.69412046248604,43.69430033203315,10.435072047072827,10.435062324394604,20.522234048277767,-44.472431596576655,-42.40178121429353,1,0,0,0,0,0,0,0,0,0,0,0,0,0,0,0,0,0,0,0,0,0
91,2025-07-31 09:20:45.434227200,2025-07-31 09:20:46.410425344,43.69430033203315,43.6944802446618,10.435062324394604,10.435054614539526,20.53003868739905,-44.797206957703374,-44.32401078072482,0,0,0,0,0,0,0,0,0,0,0,0,0,0,0,0,0,0,0,0,0,0
92,2025-07-31 09:20:46.410425344,2025-07-31 09:20:47.392136704,43.6944802446618,43.694660225071615,10.435054614539526,10.435052973789182,20.431108705559613,-45.45235787976288,-44.328003691975496,0,0,0,0,0,0,0,0,0,0,0,0,0,0,0,0,0,0,0,0,0,0
93,2025-07-31 09:20:47.392136704,2025-07-31 09:20:48.366889984,43.694660225071615,43.69484015281097,10.435052973789182,10.43505928038402,20.443455361622025,-48.3990228586542,-47.29990635406882,0,0,0,0,0,0,0,0,0,0,0,0,0,0,0,0,0,0,0,0,0,0
94,2025-07-31 09:20:48.366889984,2025-07-31 09:20:49.326827520,43.69484015281097,43.69501988582593,10.43505928038402,10.435072658502229,20.673027055098185,-45.07576171101429,-41.56349009903786,1,0,0,0,0,0,0,0,0,0,0,0,0,0,0,0,0,0,0,0,0,0
95,2025-07-31 09:20:49.326827520,2025-07-31 09:20:50.274483712,43.69501988582593,43.695199276036064,10.435072658502229,10.435092777037216,20.96488464590957,-48.073600230248246,-47.114118871805424,0,0,0,0,0,0,0,0,0,0,0,0,0,0,0,0,0,0,0,0,0,0
96,2025-07-31 09:20:50.274483712,2025-07-31 09:20:51.207132160,43.695199276036064,43.695378033678914,10.435092777037216,10.435121618622846,21.27026126093463,-47.49323698851109,-46.54127946622992,0,0,0,0,0,0,0,0,0,0,0,0,0,0,0,0,0,0,0,0,0,0
97,2025-07-31 09:20:51.207132160,2025-07-31 09:20:52.132788224,43.695378033678914,43.6955558937268,10.435121618622846,10.435159751436556,21.52186446503137,-46.70727449739695,-45.44384396853105,0,0,0,0,0,0,0,0,0,0,0,0,0,0,0,0,0,0,0,0,0,0
98,2025-07-31 09:20:52.132788224,2025-07-31 09:20:53.041772800,43.6955558937268,43.695733006441245,10.435159751436556,10.435204033788423,21.80239150971129,-45.285933470456776,-44.65442165127273,0,0,0,0,0,0,0,0,0,0,0,0,0,0,0,0,0,0,0,0,0,0
99,2025-07-31 09:20:53.041772800,2025-07-31 09:20:53.960053248,43.695733006441245,43.69590901022459,10.435204033788423,10.43525606968959,21.89635789030973,-45.91492893219123,-43.834232235239966,0,0,0,0,0,0,0,0,0,0,0,0,0,0,0,0,0,0,0,0,0,0
100,2025-07-31 09:20:53.960053248,2025-07-31 09:20:54.891968256,43.69590901022459,43.69608465402772,10.43525606968959,10.435310364816846,21.63602129125401,-45.859683649338734,-45.314359371453314,0,0,0,0,0,0,1,0,0,0,0,0,0,0,0,0,0,0,0,0,0,0
101,2025-07-31 09:20:54.891968256,2025-07-31 09:20:55.823357184,43.69608465402772,43.69626006558677,10.435310364816846,10.43536606809254,21.477189852418604,-44.67466355360701,-43.38171983869551,0,0,0,0,0,0,1,0,0,0,0,0,0,0,0,0,0,0,0,0,0,0
102,2025-07-31 09:20:55.823357184,2025-07-31 09:20:56.766353152,43.69626006558677,43.696435108665774,10.43536606809254,10.435423925110817,21.347879630669844,-44.45039770931003,-43.54451010955477,0,1,0,0,0,0,3,0,2,0,0,0,0,0,0,0,0,0,0,0,0,2
103,2025-07-31 09:20:56.766353152,2025-07-31 09:20:57.718212864,43.696435108665774,43.69661000569558,10.435423925110817,10.43548262312791,21.12114811337311,-44.128052276050745,-43.29771534577888,0,1,0,0,0,0,2,0,2,2,0,0,0,0,0,0,0,0,0,0,0,2
104,2025-07-31 09:20:57.718212864,2025-07-31 09:20:58.674073600,43.69661000569558,43.69678524684363,10.43548262312791,10.4355393209654,20.971758172046464,-45.86090690682965,-45.52381424451632,0,2,0,0,0,0,0,0,1,0,0,0,0,0,0,0,0,1,0,0,0,2
105,2025-07-31 09:20:59,2025-07-31 09:20:59.963588352,43.696845,43.69702005187608,10.435558333333333,10.435616148631857,20.0,-47.3395809499469,-46.40036654897657,0,2,0,0,0,0,1,0,0,0,0,0,0,0,0,0,0,0,0,0,0,0
106,2025-07-31 09:20:59.963588352,2025-07-31 09:21:00.936708352,43.69702005187608,43.69719527416038,10.435616148631857,10.43567297465074,20.278957414234235,-41.6803357386413,-36.90154391117741,2,2,0,0,0,0,0,0,0,0,0,0,0,0,0,0,0,0,0,0,0,0
107,2025-07-31 09:21:00.936708352,2025-07-31 09:21:01.916841984,43.69719527416038,43.69737017016711,10.43567297465074,10.435731677190184,20.483028866549844,-44.54168726239191,-43.71807366746268,0,3,0,0,0,0,0,0,0,0,0,1,0,0,0,0,0,0,0,0,0,0
108,2025-07-31 09:21:01.916841984,2025-07-31 09:21:02.906844672,43.69737017016711,43.69754520920443,10.435731677190184,10.43578956593228,20.306024865552896,-45.37152885850955,-43.772503627430495,0,3,0,0,0,0,1,0,2,0,0,0,0,0,0,0,0,0,0,0,0,2
109,2025-07-31 09:21:02.906844672,2025-07-31 09:21:03.915471872,43.69754520920443,43.697720348443376,10.43578956593228,10.435846876734692,20.01488650181884,-45.20368950940904,-43.44047662829987,0,1,0,0,0,1,1,0,1,0,0,0,0,0,0,0,0,0,0,0,0,2
110,2025-07-31 09:21:03.915471872,2025-07-31 09:21:04.946092544,43.697720348443376,43.69789583571837,10.435846876734692,10.435902124931252,19.609898967663195,-45.30827817866085,-44.10001319681772,0,3,0,0,1,0,3,0,0,0,0,0,0,0,0,0,0,0,0,0,0,1
111,2025-07-31 09:21:04.946092544,2025-07-31 09:21:05.986187776,43.69789583571837,43.698071008275775,10.435902124931252,10.435959240327728,19.30861857328194,-44.12102508698298,-43.04269198709786,1,2,0,0,0,0,1,0,0,0,0,1,0,0,0,0,0,0,0,0,0,1
112,2025-07-31 09:21:05.986187776,2025-07-31 09:21:07.039278848,43.698071008275775,43.69824635006558,10.435959240327728,10.436015362735734,19.10555899747232,-46.53101900981336,-44.70714027351215,0,0,0,0,0,0,1,0,0,0,0,0,0,0,0,0,0,0,0,0,0,0
113,2025-07-31 09:21:07.039278848,2025-07-31 09:21:08.125176064,43.69824635006558,43.69842169483919,10.436015362735734,10.43607146743071,18.70198724507984,-46.64549978794113,-45.381442913598605,0,4,0,0,0,0,2,0,4,0,0,0,0,0,0,0,0,0,0,0,0,2
114,2025-07-31 09:21:08.125176064,2025-07-31 09:21:09.226134528,43.69842169483919,43.69859709441838,10.43607146743071,10.436127219613986,18.28641097830149,-43.61106155403014,-41.67063131929544,2,1,0,0,0,0,0,0,1,0,0,1,0,0,0,0,0,0,0,0,0,3
115,2025-07-31 09:21:09.226134528,2025-07-31 09:21:10.357017088,43.69859709441838,43.69877307593778,10.436127219613986,10.43617939909768,17.912919044769907,-45.37214107509138,-43.64846366981829,1,0,0,0,0,0,0,0,4,0,0,0,0,0,0,0,0,0,0,0,0,2
116,2025-07-31 09:21:10.357017088,2025-07-31 09:21:11.509624576,43.69877307593778,43.698949809119306,10.43617939909768,10.43622617019752,17.505511490976627,-45.60754499786814,-44.00563957051632,1,2,0,0,0,0,0,0,4,0,0,0,0,0,0,0,0,0,0,0,0,2
117,2025-07-31 09:21:11.509624576,2025-07-31 09:21:12.678146816,43.698949809119306,43.69912785224809,10.43622617019752,10.43626254748957,17.21587388330194,-46.578361903367146,-44.95013573019559,0,2,0,0,0,0,0,0,0,0,0,0,0,0,0,0,0,0,0,0,0,0
118,2025-07-31 09:21:12.678146816,2025-07-31 09:21:13.858771456,43.69912785224809,43.69930691366621,10.43626254748957,10.43628741080947,17.009170666632798,-47.56565928366618,-45.20436164994446,0,3,0,0,0,0,0,0,0,0,0,0,0,0,0,0,0,0,0,0,0,0
119,2025-07-31 09:21:13.858771456,2025-07-31 09:21:15.058100736,43.69930691366621,43.69948666110002,10.43628741080947,10.436300290503487,16.785003333477817,-51.007773611879855,-49.86547933534301,0,0,1,0,0,0,0,0,0,0,0,0,0,0,0,0,0,1,0,0,0,0
120,2025-07-31 09:21:15.058100736,2025-07-31 09:21:16.333028608,43.69948666110002,43.69966662553693,10.436300290503487,10.436305,16.130935087130954,-50.50641731932688,-48.903522282632295,0,2,1,1,0,0,0,2,5,0,0,1,1,0,0,0,0,0,0,0,0,2
121,2025-07-31 09:21:16.333028608,2025-07-31 09:21:17.749378816,43.69966662553693,43.69984659212006,10.436305,10.436301253106109,14.687658157104307,-49.28286337590335,-43.975643737874286,2,6,5,0,0,0,9,5,1,0,0,1,5,1,0,0,0,5,0,0,0,3
122,2025-07-31 09:21:17.749378816,2025-07-31 09:21:19.525566976,43.69984659212006,43.70002633985133,10.436301253106109,10.436288162887475,12.1352525500156,-45.211698741622094,-41.888664875059945,2,14,7,0,0,0,4,4,0,0,0,0,0,0,0,0,0,0,0,0,0,1
123,2025-07-31 09:21:19.525566976,2025-07-31 09:21:22.247169280,43.70002633985133,43.70020318235639,10.436288162887475,10.436314062870018,8.510443120625414,-50.01851130236113,-45.12583017767567,2,10,5,0,0,0,2,5,1,0,0,0,6,0,0,0,0,0,0,0,0,3
124,2025-07-31 09:21:22.247169280,2025-07-31 09:21:25.068909056,43.70020318235639,43.70035769757029,10.436314062870018,10.436440630300153,6.959127155480099,-55.52668504525979,-53.77891265436796,1,17,8,0,0,0,9,10,0,0,0,1,4,0,0,0,0,0,0,0,0,1
125,2025-07-31 09:21:25.068909056,2025-07-31 09:21:27.955415296,43.70035769757029,43.70053247352936,10.436440630300153,10.436467261130348,6.911069053389612,-53.03002965605292,-51.260872760926254,2,10,11,1,0,0,12,13,2,0,0,4,6,0,0,0,0,0,0,0,0,3
126,2025-07-31 09:21:29,2025-07-31 09:21:31.896690432,43.70058333333333,43.70072782349547,10.436436666666667,10.436288843171193,7.298880931131775,-57.12856745964073,-52.804613027361626,2,17,23,0,0,0,14,14,1,0,0,6,10,0,0,0,0,1,0,0,0,3
127,2025-07-31 09:21:31.896690432,2025-07-31 09:21:34.366851840,43.70072782349547,43.700894348145496,10.436288843171193,10.43619994104999,7.893560464384988,-54.59257873056764,-52.39328779607944,1,18,18,0,0,1,13,11,1,0,0,3,12,0,0,0,0,0,0,0,0,3
128,2025-07-31 09:21:34.366851840,2025-07-31 09:21:36.472267520,43.700894348145496,43.70107329118625,10.43619994104999,10.436175184883426,9.15345484291905,-52.02059908069222,-48.795783747378,2,15,11,0,0,0,1,9,0,0,0,1,8,0,0,0,0,4,0,0,0,1
129,2025-07-31 09:21:36.472267520,2025-07-31 09:21:38.400599808,43.70107329118625,43.70125305698403,10.436175184883426,10.436162329334454,10.138300129968748,-50.316131339861855,-46.18539831118297,2,15,12,0,0,0,0,0,0,0,0,0,7,0,0,0,0,1,0,0,0,1
130,2025-07-31 09:21:38.400599808,2025-07-31 09:21:40.287927552,43.70125305698403,43.70143283298524,10.436162329334454,10.436149747150443,10.539980227591323,-50.07911771967914,-48.27759190990306,2,9,2,0,1,1,4,1,1,0,0,0,2,0,0,0,0,0,0,0,0,3
131,2025-07-31 09:21:40.287927552,2025-07-31 09:21:42.125358592,43.70143283298524,43.70161253585828,10.436149747150443,10.43613541308084,10.796206255650194,-51.0198863789637,-49.127469144758976,1,6,8,0,0,0,1,0,1,0,0,0,1,0,0,0,0,0,0,0,0,3
132,2025-07-31 09:21:42.125358592,2025-07-31 09:21:43.953105920,43.70161253585828,43.70179213356442,10.43613541308084,10.436118724118009,10.874703910418264,-50.927929616399375,-48.24621744162166,1,7,6,0,0,2,1,0,0,0,0,0,1,0,0,0,0,0,0,0,0,1
133,2025-07-31 09:21:43.953105920,2025-07-31 09:21:46.398713856,43.70179213356442,43.70197160236446,10.436118724118009,10.436099673096887,8.791395297546334,-52.28604352603133,-49.84805460087452,2,10,3,1,1,1,0,2,3,0,1,0,1,0,0,0,0,0,0,0,0,3
134,2025-07-31 09:21:46.398713856,2025-07-31 09:21:49.990602496,43.70197160236446,43.70215113414729,10.436099673096887,10.43608171365367,6.552001387003181,-58.767532201303474,-53.1429037752909,2,5,9,0,0,0,1,5,0,0,0,1,4,0,0,0,0,1,0,0,0,1
135,2025-07-31 09:21:49.990602496,2025-07-31 09:21:52.410249216,43.70215113414729,43.70232948660232,10.43608171365367,10.436050128349418,7.545960354016908,-55.09980711016664,-50.914634741111335,2,4,8,0,1,0,0,11,0,0,0,1,8,2,0,0,0,5,0,0,0,2
136,2025-07-31 09:21:52.410249216,2025-07-31 09:21:54.461382144,43.70232948660232,43.702507164644594,10.436050128349418,10.436010643629604,9.479783385706863,-52.78237084153742,-48.29322135079269,2,3,6,2,2,1,8,9,3,1,0,0,10,2,0,0,0,1,2,0,0,3
137,2025-07-31 09:21:54.461382144,2025-07-31 09:21:56.296749824,43.702507164644594,43.702686341651855,10.436010643629604,10.435987527084569,10.591365290326234,-49.45285856689382,-42.638046554612814,2,3,2,0,1,2,0,0,1,0,0,1,1,0,0,0,0,0,0,0,0,3
138,2025-07-31 09:21:56.296749824,2025-07-31 09:21:58.078237696,43.702686341651855,43.70286602669442,10.435987527084569,10.435972681353578,11.150850025607664,-52.20485234872523,-45.02931807591356,2,5,1,4,0,0,1,4,0,0,0,0,0,0,0,0,0,0,0,0,0,2
139,2025-07-31 09:21:59,2025-07-31 09:22:00.871921664,43.702956666666665,43.703136379363805,10.435965,10.435950853854964,10.455860470872246,-49.83360938320996,-45.28701096371002,2,4,5,4,0,0,0,7,0,0,0,0,3,0,0,0,0,1,0,0,0,2
140,2025-07-31 09:22:00.871921664,2025-07-31 09:22:03.015363072,43.703136379363805,43.703316152236255,10.435950853854964,10.435938230912331,9.5814791318286,-49.52973659733179,-46.2463462042555,2,1,0,3,0,0,0,0,2,0,0,1,0,1,0,0,0,0,0,0,0,3
141,2025-07-31 09:22:03.015363072,2025-07-31 09:22:05.330201600,43.703316152236255,43.70349585013711,10.435938230912331,10.43592391498629,8.80407796811065,-52.78232144487982,-49.96662629745651,2,1,0,3,0,0,2,0,3,0,0,1,0,0,0,0,0,0,0,0,0,3
142,2025-07-31 09:22:05.330201600,2025-07-31 09:22:07.304597760,43.70349585013711,43.70367545978115,10.43592391498629,10.435907461684904,9.758951960218427,-57.46278545280138,-53.60813723765102,0,0,0,0,0,0,0,1,0,0,0,0,0,1,0,0,0,1,0,0,0,1
143,2025-07-31 09:22:07.304597760,2025-07-31 09:22:09.015553792,43.70367545978115,43.70385509611002,10.435907461684904,10.435891562973922,11.344368605042533,-54.04308101629234,-50.479622033040165,0,0,0,0,0,0,0,0,1,0,0,0,0,0,0,0,0,0,0,0,0,1
144,2025-07-31 09:22:09.015553792,2025-07-31 09:22:10.576400384,43.70385509611002,43.70403487403518,10.435891562973922,10.435879235997026,12.501624631591357,-52.15169309013054,-50.33796415671338,0,2,1,2,1,0,2,1,0,0,0,0,0,0,0,0,0,1,0,0,0,1
145,2025-07-31 09:22:10.576400384,2025-07-31 09:22:12.094739968,43.70403487403518,43.70421454422922,10.435879235997026,10.435864052600348,13.05182050933094,-49.866502804217504,-48.30695289815662,0,1,0,3,0,1,0,0,0,0,0,0,0,0,1,0,0,0,0,0,0,1
146,2025-07-31 09:22:12.094739968,2025-07-31 09:22:13.630780672,43.70421454422922,43.70439420643271,10.435864052600348,10.435848692194256,13.055702199991917,-48.574937925767706,-46.07833469824651,1,2,0,1,0,0,1,0,1,0,0,0,0,0,0,0,0,0,0,0,0,3
147,2025-07-31 09:22:13.630780672,2025-07-31 09:22:15.209693952,43.70439420643271,43.7045737653124,10.435848692194256,10.435831236394002,12.782151982033904,-49.14176110020768,-46.46502815697831,1,0,0,4,0,0,0,0,0,0,0,0,0,0,0,0,0,0,0,0,0,1
148,2025-07-31 09:22:15.209693952,2025-07-31 09:22:16.794166528,43.7045737653124,43.70475333887752,10.435831236394002,10.435814068056724,12.62520078425533,-49.33167642673422,-46.351902258949735,1,0,0,3,0,0,0,0,4,0,0,1,0,0,0,0,0,0,0,0,0,2
149,2025-07-31 09:22:16.794166528,2025-07-31 09:22:18.383668224,43.70475333887752,43.704932842947215,10.435814068056724,10.435795523871183,12.590752100863853,-50.05311197053748,-49.09938255001652,0,1,0,3,0,0,0,0,2,0,0,0,0,0,0,0,0,0,0,0,0,1
150,2025-07-31 09:22:18.383668224,2025-07-31 09:22:20.038430464,43.704932842947215,43.70511230449198,10.435795523871183,10.435776218310046,12.21535272097566,-49.89326087575619,-47.15168755903648,1,0,0,3,0,0,2,0,0,0,0,0,0,0,0,0,0,1,0,0,0,2
151,2025-07-31 09:22:20.038430464,2025-07-31 09:22:21.787956480,43.70511230449198,43.70529177556728,10.435776218310046,10.435757120436003,11.62014745809456,-50.55158314167891,-48.89327808570408,1,0,0,4,0,1,1,0,0,0,0,1,0,0,0,0,0,0,0,0,0,2
152,2025-07-31 09:22:21.787956480,2025-07-31 09:22:23.627586816,43.70529177556728,43.70547128742457,10.435757120436003,10.435738724130749,11.044630011789751,-50.94565409722418,-48.20800904249584,1,1,0,3,0,0,0,0,0,0,0,0,0,0,0,0,0,0,0,0,0,1
153,2025-07-31 09:22:23.627586816,2025-07-31 09:22:25.605129216,43.70547128742457,43.70565077785675,10.435738724130749,10.435719957257364,10.29935572845944,-52.489244761729616,-50.03570818901963,1,0,0,4,0,0,0,0,1,0,0,0,0,0,0,0,0,0,0,0,0,2
154,2025-07-31 09:22:25.605129216,2025-07-31 09:22:27.827697152,43.70565077785675,43.70583041062734,10.435719957257364,10.435704194847066,9.190050241342211,-53.247084889887816,-50.968205271417794,1,1,0,0,0,1,0,0,2,0,0,0,0,0,0,0,0,0,0,0,0,2
155,2025-07-31 09:22:29,2025-07-31 09:22:36.572564480,43.70590333333333,43.70608311795381,10.435701666666668,10.435709287607262,2.309992891199922,-70.90370099962558,-55.34425474386958,-1,0,0,2,0,0,0,0,3,0,0,0,0,0,0,0,0,0,0,0,0,2
156,2025-07-31 09:22:36.572564480,2025-07-31 09:22:47.056188928,43.70608311795381,43.70626039359856,10.435709287607262,10.435748895223847,3.220121947789109,-79.98814681072092,-67.3522963341408,-1,0,0,3,1,0,0,0,3,0,0,1,0,1,0,0,0,0,0,0,0,3
157,2025-07-31 09:22:47.056188928,2025-07-31 09:22:51.317804544,43.70626039359856,43.70643543819372,10.435748895223847,10.435806433733726,4.6198328903220105,-66.46971511541116,-61.77097887351167,-1,1,0,3,0,0,0,0,2,1,0,0,0,3,0,0,0,1,0,0,0,3
158,2025-07-31 09:22:51.317804544,2025-07-31 09:22:58.283638016,43.70643543819372,43.70660870916503,10.435806433733726,10.43587306063162,4.913099605308398,-74.28776664625687,-62.03985899358869,-1,0,2,3,0,1,0,1,1,0,0,0,0,1,0,0,0,3,0,0,0,2
159,2025-07-31 09:22:59,2025-07-31 09:23:01.746297600,43.70664333333333,43.70682141984273,10.435885,10.43590253702359,7.491529847150039,-58.75683310864199,-54.553554476381805,0,0,0,0,1,0,0,0,0,0,0,0,0,0,0,0,0,0,0,0,0,1
160,2025-07-31 09:23:01.746297600,2025-07-31 09:23:04.229315840,43.70682141984273,43.70697813246493,10.43590253702359,10.435791272529494,7.8472644139421455,-52.8226050028513,-50.02829383879298,2,4,0,0,0,0,1,1,0,0,0,2,1,0,0,0,0,1,0,0,0,1
161,2025-07-31 09:23:04.229315840,2025-07-31 09:23:06.435459072,43.70697813246493,43.70705798341573,10.435791272529494,10.4355734706803,8.797842939190325,-52.16482791782372,-47.25519876205206,2,6,1,0,0,0,0,1,0,0,0,1,0,0,0,0,0,2,0,0,0,1
162,2025-07-31 09:23:06.435459072,2025-07-31 09:23:08.357816064,43.70705798341573,43.707074403639744,10.4355734706803,10.435327168765289,10.064164539650708,-53.22532616391379,-50.58696421976863,1,6,0,0,0,0,0,0,0,0,0,0,1,0,0,0,0,0,0,0,0,1
163,2025-07-31 09:23:08.357816064,2025-07-31 09:23:10.085948928,43.707074403639744,43.70707180991487,10.435327168765289,10.435079060824016,11.279194500247506,-53.05444730143788,-50.826722952934624,0,2,0,0,0,1,0,0,0,0,0,0,0,0,0,0,0,0,0,0,0,0
164,2025-07-31 09:23:10.085948928,2025-07-31 09:23:11.748973056,43.70707180991487,43.70708082306314,10.435079060824016,10.434831405764568,11.991990648537463,-50.86208552515734,-49.44559595634986,0,1,0,0,1,0,0,2,0,0,0,0,0,0,0,0,0,0,0,0,0,1
165,2025-07-31 09:23:11.748973056,2025-07-31 09:23:13.299204864,43.70708082306314,43.70711014414012,10.434831405764568,10.4345867991758,12.626484026239863,-49.77708568540827,-48.39540966230855,0,0,0,0,0,1,0,0,0,0,0,0,0,0,0,0,0,0,0,0,0,0
166,2025-07-31 09:23:13.299204864,2025-07-31 09:23:14.708076544,43.70711014414012,43.70715950318482,10.4345867991758,10.43434844687854,13.725223317956443,-47.7849044040827,-46.84877450288567,1,0,2,0,0,0,0,0,0,0,0,0,0,0,0,0,0,0,0,0,0,1
167,2025-07-31 09:23:14.708076544,2025-07-31 09:23:16.019803392,43.70715950318482,43.70722622120756,10.43434844687854,10.434118102060834,14.897029898177834,-46.65095316512699,-44.99852642998353,1,0,0,0,1,0,0,0,0,1,0,0,0,0,0,0,0,0,0,0,0,2
168,2025-07-31 09:23:16.019803392,2025-07-31 09:23:17.257929216,43.70722622120756,43.707303432068,10.434118102060834,10.433893949755172,15.807377292069862,-45.654386850178696,-44.29259285562416,1,1,0,0,0,0,0,0,0,0,0,0,1,1,0,0,0,2,0,0,0,2
169,2025-07-31 09:23:17.257929216,2025-07-31 09:23:18.452969728,43.707303432068,43.70738186464956,10.433893949755172,10.43367060241542,16.474011206031953,-44.90808655910754,-44.345624678822674,1,1,0,0,0,0,2,0,1,0,0,0,0,0,0,0,0,0,0,0,0,3
170,2025-07-31 09:23:18.452969728,2025-07-31 09:23:19.618331904,43.70738186464956,43.70746161656032,10.43367060241542,10.433448153068946,16.977806243029974,-45.77596451411299,-45.2326656584667,0,1,0,0,0,0,1,0,0,0,0,0,0,0,0,0,0,0,0,0,0,0
171,2025-07-31 09:23:19.618331904,2025-07-31 09:23:20.753714176,43.70746161656032,43.70754109333078,10.433448153068946,10.433225513340544,17.422743521215395,-45.81322443163855,-43.64249935401145,1,0,0,1,0,0,0,0,1,0,0,0,0,1,0,0,0,0,0,0,0,2
172,2025-07-31 09:23:20.753714176,2025-07-31 09:23:21.874733824,43.70754109333078,43.707621022599845,10.433225513340544,10.433003177766324,17.753555441126593,-44.28412773171011,-42.10141538150196,2,0,0,0,1,1,0,0,4,0,0,0,0,0,0,0,0,0,0,0,0,2
173,2025-07-31 09:23:21.874733824,2025-07-31 09:23:23.005937408,43.707621022599845,43.7077004354064,10.433003177766324,10.43278048909028,17.75334004808079,-44.48849572210416,-43.05773884077995,1,1,0,0,1,0,3,0,2,0,0,0,0,1,0,0,0,0,0,0,0,3
174,2025-07-31 09:23:23.005937408,2025-07-31 09:23:24.123425536,43.7077004354064,43.707781973114265,10.43278048909028,10.432559265372172,17.775034100638987,-44.50783238802938,-43.0070223838822,1,3,0,0,1,0,1,0,1,0,0,0,0,0,0,0,0,0,0,0,0,3
175,2025-07-31 09:23:24.123425536,2025-07-31 09:23:25.267616256,43.707781973114265,43.7078620664641,10.432559265372172,10.43233704023719,17.68175298345014,-43.93296798935375,-41.89177881702369,2,1,0,0,0,0,5,0,2,0,0,0,0,0,0,0,0,0,0,0,0,3
176,2025-07-31 09:23:25.267616256,2025-07-31 09:23:26.437285888,43.7078620664641,43.70794248572065,10.43233704023719,10.432115039982174,17.268493040104232,-43.64972186224405,-37.878457333318366,2,1,0,0,0,0,3,0,1,0,0,0,0,1,0,0,0,0,0,0,0,3
177,2025-07-31 09:23:26.437285888,2025-07-31 09:23:27.639090688,43.70794248572065,43.70802260605083,10.432115039982174,10.431892833360216,16.840651565542366,-45.923433733570754,-45.05356009711164,0,2,0,0,0,0,1,0,1,0,0,0,0,0,0,0,0,0,0,0,0,2
178,2025-07-31 09:23:27.639090688,2025-07-31 09:23:28.866016512,43.70802260605083,43.708102957736514,10.431892833360216,10.431670783704014,16.43248252008896,-47.46735942812279,-46.68741699389461,0,0,1,0,0,0,7,3,1,2,0,0,0,0,0,0,0,0,0,0,0,2
179,2025-07-31 09:23:29,2025-07-31 09:23:30.262945536,43.70811166666667,43.7081912149818,10.431646666666667,10.431424070815448,15.791970150052837,-45.70545775913594,-43.61706334331947,2,0,0,0,0,0,1,0,0,0,0,0,0,0,0,0,0,0,0,0,0,1
180,2025-07-31 09:23:30.262945536,2025-07-31 09:23:31.643719424,43.7081912149818,43.70827207124098,10.431424070815448,10.43120236920416,15.002244407704458,-45.81800000813383,-44.62201338248703,1,2,0,0,0,0,2,0,0,0,0,0,0,1,0,0,0,0,0,0,0,2
181,2025-07-31 09:23:31.643719424,2025-07-31 09:23:33.394279680,43.70827207124098,43.70835279025857,10.43120236920416,10.430980572022056,12.39077182099246,-47.484167261016665,-44.65755992648087,2,1,0,0,0,0,0,0,1,1,0,0,0,0,0,0,0,0,0,0,0,2
182,2025-07-31 09:23:33.394279680,2025-07-31 09:23:37.510740480,43.70835279025857,43.70843255370287,10.430980572022056,10.430758154323764,6.355999023381328,-58.522650968697945,-49.954721183048434,2,0,0,0,0,0,2,0,0,0,0,0,0,0,0,0,0,0,0,0,0,1
183,2025-07-31 09:23:37.510740480,2025-07-31 09:23:58.781894144,43.70843255370287,43.70851324419413,10.430758154323764,10.43053678320122,3.7333953336189127,-84.72404292256572,-62.088040842954335,-1,1,0,0,1,2,2,0,2,0,0,0,0,0,0,0,0,0,0,0,0,1
184,2025-07-31 09:23:59,2025-07-31 09:24:01.479791616,43.70851833333333,43.70859845937232,10.430523333333332,10.430301153826973,8.640837024081401,-57.18046652668262,-52.7650168942899,1,0,0,0,0,0,1,0,1,0,0,0,0,1,0,0,0,0,0,0,0,3
185,2025-07-31 09:24:01.479791616,2025-07-31 09:24:03.561671424,43.70859845937232,43.708679339096776,10.430301153826973,10.430079471662523,9.363542878601418,-54.35009776722394,-50.83939864971558,1,0,0,0,0,0,1,0,2,1,0,1,0,0,0,0,0,0,0,0,0,3
186,2025-07-31 09:24:03.561671424,2025-07-31 09:24:05.360342016,43.708679339096776,43.70876074986699,10.430079471662523,10.429858155530171,10.723122374269996,-51.44295087520196,-45.758435612647816,2,0,0,0,0,0,1,0,1,0,0,0,0,2,0,0,0,1,0,0,0,3
187,2025-07-31 09:24:05.360342016,2025-07-31 09:24:07.027703552,43.70876074986699,43.70884138518351,10.429858155530171,10.429636306177308,11.74635194991423,-49.25890124118767,-47.04513825547893,2,0,0,0,0,0,0,0,1,0,0,1,0,0,0,0,0,0,0,0,0,3
188,2025-07-31 09:24:07.027703552,2025-07-31 09:24:08.704667392,43.70884138518351,43.70892288447449,10.429636306177308,10.429415059916298,11.971634409395556,-48.76025942048481,-46.64679980743334,2,1,0,0,0,0,0,0,0,0,0,0,0,0,0,0,0,0,0,0,0,0
189,2025-07-31 09:24:08.704667392,2025-07-31 09:24:10.499963648,43.70892288447449,43.70900249848432,10.429415059916298,10.429192504304536,11.367441661234864,-49.22916768611966,-46.69860707929101,2,0,0,0,0,0,0,0,0,0,0,0,0,0,0,0,0,0,0,0,0,0
190,2025-07-31 09:24:10.499963648,2025-07-31 09:24:12.483455232,43.70900249848432,43.70908106002605,10.429192504304536,10.42896923719814,10.356085547166572,-49.25188952548683,-46.98474867718075,2,0,0,0,0,0,0,0,0,0,0,0,0,0,0,0,0,0,0,0,0,0
191,2025-07-31 09:24:12.483455232,2025-07-31 09:24:14.925842176,43.70908106002605,43.70915956552951,10.42896923719814,10.428745932622562,8.530849652601033,-53.83861744548489,-50.66455523510932,2,1,0,0,0,0,0,1,0,0,0,0,0,0,0,0,0,2,0,0,0,1
192,2025-07-31 09:24:14.925842176,2025-07-31 09:24:18.444063744,43.70915956552951,43.70924128804927,10.428745932622562,10.428524836383964,6.251437574638748,-59.49936002608451,-55.42181217099102,1,2,0,0,0,0,0,0,0,0,0,0,0,0,0,0,0,0,0,0,0,1
193,2025-07-31 09:24:18.444063744,2025-07-31 09:24:22.704304128,43.70924128804927,43.70932624557616,10.428524836383964,10.428306146819969,4.701368494410294,-62.85812381183189,-58.816553460522144,-1,3,0,0,0,1,0,0,2,0,0,0,0,3,0,0,0,0,0,0,0,2
194,2025-07-31 09:24:22.704304128,2025-07-31 09:24:27.042286848,43.70932624557616,43.70945023624323,10.428306146819969,10.428129904713057,4.843327290988174,-64.47433103730359,-60.14683682549566,-1,0,0,1,0,1,0,0,1,0,0,0,0,4,0,0,0,0,0,0,0,2
195,2025-07-31 09:24:29,2025-07-31 09:24:32.125425664,43.709535,43.70958812429072,10.428043333333331,10.42781475123748,6.960810473917531,-59.05799205718599,-56.94021561100093,0,0,0,0,0,0,0,0,0,0,0,0,0,0,0,0,0,1,0,0,1,0
196,2025-07-31 09:24:32.125425664,2025-07-31 09:24:34.572489728,43.70958812429072,43.7095969206778,10.42781475123748,10.427567738657844,7.823629970027363,-55.77356182857518,-53.18608273931613,1,0,0,0,0,0,0,0,0,0,0,0,0,0,0,0,0,0,0,0,0,0
197,2025-07-31 09:24:34.572489728,2025-07-31 09:24:36.518098944,43.7095969206778,43.70965319379731,10.427567738657844,10.427332767782584,9.670814569550334,-51.02565030066207,-47.69487116578256,2,1,0,0,0,1,0,1,0,0,0,0,0,2,0,0,0,1,0,0,0,2
198,2025-07-31 09:24:36.518098944,2025-07-31 09:24:38.433806080,43.70965319379731,43.70972829589751,10.427332767782584,10.427107281337571,10.439667431432069,-52.67888794241362,-50.59712161519782,0,0,0,0,0,0,0,0,0,0,0,0,0,0,0,0,0,0,0,0,0,0
199,2025-07-31 09:24:38.433806080,2025-07-31 09:24:40.652644608,43.70972829589751,43.70980842149001,10.427107281337571,10.42688510412598,9.302230738057496,-53.12440584257294,-49.46071612315892,2,0,2,1,0,0,0,0,0,0,0,0,0,0,0,0,0,0,0,0,0,1
200,2025-07-31 09:24:40.652644608,2025-07-31 09:24:54.943990272,43.70980842149001,43.70988953325188,10.42688510412598,10.42666816026065,5.337664827668567,-82.72823018625427,-53.43517977138255,-1,2,1,0,1,0,0,0,0,0,0,0,2,0,1,0,0,0,0,0,0,1
201,2025-07-31 09:24:59,2025-07-31 09:25:01.480738304,43.709966666666666,43.710052562863325,10.426466666666666,10.42624859284168,8.69823610339205,-58.46279406113959,-53.84732247606622,0,3,1,1,1,1,1,4,0,0,0,0,4,1,1,0,0,0,0,0,0,1
202,2025-07-31 09:25:01.480738304,2025-07-31 09:25:03.589613568,43.710052562863325,43.71014054992182,10.42624859284168,10.426032107884764,9.185050496839988,-56.686037550728464,-47.16022034467749,2,1,1,2,0,0,0,1,1,0,0,0,0,0,0,0,0,0,0,0,0,3
203,2025-07-31 09:25:03.589613568,2025-07-31 09:25:05.431207424,43.71014054992182,43.71022727905269,10.426032107884764,10.425814661707834,10.473632403079218,-54.06005897936128,-52.51518933486911,0,9,2,0,0,3,1,3,3,0,0,0,1,3,0,0,0,1,0,0,0,2
204,2025-07-31 09:25:05.431207424,2025-07-31 09:25:07.066298112,43.71022727905269,43.710311979724,10.425814661707834,10.425595718278313,11.86174525217369,-49.355788210416655,-45.6805373742116,2,0,0,0,0,0,2,1,0,0,0,0,2,0,0,0,0,0,0,0,0,1
205,2025-07-31 09:25:07.066298112,2025-07-31 09:25:08.613592576,43.710311979724,43.710397080929866,10.425595718278313,10.42537705171814,12.712640528197714,-49.04758692622207,-48.11433789851962,1,1,0,1,1,0,1,2,0,0,0,0,0,0,0,0,0,0,0,0,0,2
206,2025-07-31 09:25:08.613592576,2025-07-31 09:25:10.115522304,43.710397080929866,43.71048173880386,10.42537705171814,10.425158056721711,13.190087711949792,-48.277996998377326,-42.50758732238039,2,3,1,1,0,0,2,6,0,0,0,0,0,0,0,0,0,0,0,0,0,2
207,2025-07-31 09:25:10.115522304,2025-07-31 09:25:11.608426496,43.71048173880386,43.71056781083696,10.425158056721711,10.424940111485803,13.37910903280942,-46.02653989566473,-44.54865345235328,2,2,3,1,3,0,2,2,2,0,0,0,0,0,0,0,0,1,2,0,0,3
208,2025-07-31 09:25:11.608426496,2025-07-31 09:25:13.109369856,43.71056781083696,43.710654530955296,10.424940111485803,10.42472265699543,13.347901937214944,-48.41084901546819,-38.19406569787543,2,8,1,1,0,0,1,0,0,0,0,0,0,0,0,0,0,0,0,0,0,2
209,2025-07-31 09:25:13.109369856,2025-07-31 09:25:14.639581952,43.710654530955296,43.71074017700296,10.42472265699543,10.42450439256815,13.182479128391895,-50.75726775914354,-48.20319700549392,0,2,2,1,0,1,0,0,0,0,0,0,1,0,0,0,0,4,0,0,0,1
210,2025-07-31 09:25:14.639581952,2025-07-31 09:25:16.190298880,43.71074017700296,43.7108205472788,10.42450439256815,10.424282406669438,12.951082416415108,-49.411942587675775,-46.64957307786448,1,5,1,2,1,0,1,1,0,1,0,0,0,0,0,0,0,1,0,0,0,3
211,2025-07-31 09:25:16.190298880,2025-07-31 09:25:17.775259392,43.7108205472788,43.71089063580357,10.424282406669438,10.424053879502374,12.69957737328171,-50.17365223333577,-47.708824584185805,1,4,1,0,2,1,0,2,0,0,0,0,0,0,0,0,0,0,0,0,0,2
212,2025-07-31 09:25:17.775259392,2025-07-31 09:25:19.557403648,43.71089063580357,43.71094819742874,10.424053879502374,10.423818849231358,11.6590280154487,-50.12282698326217,-47.02134596950187,2,1,1,1,1,0,2,2,3,1,0,0,0,0,0,0,0,0,2,0,0,3
213,2025-07-31 09:25:19.557403648,2025-07-31 09:25:21.787530752,43.71094819742874,43.71099479217939,10.423818849231358,10.423579226141596,9.565187982306805,-54.61164131309981,-52.99840314434193,0,3,1,0,1,2,3,2,1,0,1,0,0,0,0,0,0,1,0,0,0,2
214,2025-07-31 09:25:21.787530752,2025-07-31 09:25:24.430763264,43.71099479217939,43.71102930763161,10.423579226141596,10.423335744166328,7.940281678668754,-57.56447487549569,-55.50314455560793,0,1,0,0,0,1,4,0,1,0,1,0,0,0,0,0,0,0,1,0,0,1
215,2025-07-31 09:25:24.430763264,2025-07-31 09:25:26.911016960,43.71102930763161,43.7110494067801,10.423335744166328,10.423089194908457,7.936922476013898,-56.28458363961288,-53.25350776390706,1,0,0,1,0,0,2,1,0,0,0,0,0,0,0,1,0,1,0,0,0,2
216,2025-07-31 09:25:29,2025-07-31 09:25:31.261222144,43.71106,43.711067537407146,10.42287,10.42262206149036,8.943233739232742,-55.39726008450548,-52.17692290564917,1,2,0,0,0,1,2,0,0,0,0,0,0,0,0,0,0,0,0,0,0,1
217,2025-07-31 09:25:31.261222144,2025-07-31 09:25:33.353633280,43.711067537407146,43.71107510149977,10.42262206149036,10.422374129172304,9.383529492002364,-59.11028992574874,-57.27471961875993,0,0,0,0,0,1,1,0,0,0,0,0,0,0,0,0,0,0,0,0,0,0
218,2025-07-31 09:25:33.353633280,2025-07-31 09:25:35.275193344,43.71107510149977,43.71108212532219,10.422374129172304,10.422126182235523,10.208583064007442,-55.545913492940784,-51.65081621798616,0,1,1,0,0,1,3,0,1,0,0,0,0,0,0,0,0,0,0,0,0,2
219,2025-07-31 09:25:35.275193344,2025-07-31 09:25:37.115931904,43.71108212532219,43.7110846135605,10.422126182235523,10.421878068973388,10.722289274200849,-51.90006093869491,-49.66966354452667,1,0,1,0,0,0,0,1,0,0,0,0,0,0,0,0,0,0,0,0,0,1
220,2025-07-31 09:25:37.115931904,2025-07-31 09:25:39.054196736,43.7110846135605,43.71107815267715,10.421878068973388,10.421630072716004,10.458895295379133,-54.09124756805792,-48.03133085530674,2,4,2,0,1,0,1,2,0,0,0,0,0,0,0,0,0,0,0,0,0,2
221,2025-07-31 09:25:39.054196736,2025-07-31 09:25:41.207284224,43.71107815267715,43.71106896357939,10.421630072716004,10.42138225944761,9.458339307858536,-55.27856276528548,-52.31823896399635,0,0,1,1,3,1,0,1,0,0,0,0,0,0,0,0,0,0,0,0,0,1
222,2025-07-31 09:25:41.207284224,2025-07-31 09:25:43.885838336,43.71106896357939,43.71105871387254,10.42138225944761,10.42113451348028,7.834206547963272,-56.997504737898325,-54.17360755194754,0,4,1,1,0,0,0,5,0,0,0,0,0,0,0,0,0,0,0,0,0,1
223,2025-07-31 09:25:43.885838336,2025-07-31 09:25:47.799001088,43.71105871387254,43.711060661672434,10.42113451348028,10.420887059930788,5.841105667035281,-61.49869682803549,-55.98111616807972,1,1,0,0,0,0,0,0,0,0,0,0,0,0,0,0,0,0,0,0,0,1
224,2025-07-31 09:25:47.799001088,2025-07-31 09:25:51.699698176,43.711060661672434,43.71116448440311,10.420887059930788,10.420705840880215,5.331862396261553,-62.154703866791536,-55.811648199964914,-1,5,3,3,0,0,0,1,0,0,0,0,0,0,0,0,0,0,0,0,0,2
225,2025-07-31 09:25:51.699698176,2025-07-31 09:25:54.350692352,43.71116448440311,43.71134238410528,10.420705840880215,10.42071751153908,6.962598971717059,-56.62189921262368,-54.22621179044762,1,3,0,0,2,0,0,0,0,0,0,1,1,4,0,0,0,0,1,0,0,2
226,2025-07-31 09:25:54.350692352,2025-07-31 09:25:56.751738880,43.71134238410528,43.711519713741474,10.42071751153908,10.420760034775505,8.277920030724069,-55.34146304639941,-52.007301819951486,1,0,0,0,0,1,1,2,1,0,3,0,0,0,0,0,0,0,0,0,0,2
227,2025-07-31 09:25:59,2025-07-31 09:26:01.676275456,43.711686666666665,43.7118627827375,10.420805,10.420856271258334,6.87166991796806,-54.32405892240075,-51.7310102981265,2,3,0,0,0,1,0,0,0,0,1,0,0,2,0,0,0,0,0,0,0,1
228,2025-07-31 09:26:01.676275456,2025-07-31 09:26:04.858352384,43.7118627827375,43.7120400705492,10.420856271258334,10.42089858352272,6.65246933445535,-56.92323881367375,-54.19947609081153,1,3,0,0,1,1,0,0,0,1,0,0,0,0,0,0,0,0,0,0,0,2
229,2025-07-31 09:26:04.858352384,2025-07-31 09:26:07.276317696,43.7120400705492,43.71221958350564,10.42089858352272,10.420915811430715,7.837056742548317,-52.449130624289474,-47.51684394951955,2,3,4,0,0,2,0,0,1,0,0,0,0,0,0,0,0,0,0,0,0,3
230,2025-07-31 09:26:07.276317696,2025-07-31 09:26:09.011142144,43.71221958350564,43.712397985161566,10.420915811430715,10.420948667599644,10.708414917840257,-52.37475089609662,-48.37200820295169,1,3,7,0,0,1,2,1,1,0,0,0,1,1,0,0,0,0,0,0,0,3
231,2025-07-31 09:26:09.011142144,2025-07-31 09:26:10.481008128,43.712397985161566,43.71257512601981,10.420948667599644,10.420992763578088,12.947390359058348,-49.92967842598419,-47.37742207987979,1,7,2,0,0,1,2,4,1,0,1,0,0,0,1,0,0,0,0,0,0,2
232,2025-07-31 09:26:10.481008128,2025-07-31 09:26:11.896640768,43.71257512601981,43.71275208009807,10.420992763578088,10.421038221359488,13.929767833972306,-47.043531897457136,-45.36153643459031,1,4,9,0,0,2,1,4,0,0,1,1,1,2,0,0,0,0,1,0,0,2
233,2025-07-31 09:26:11.896640768,2025-07-31 09:26:13.356987136,43.71275208009807,43.71292891013581,10.421038221359488,10.421084637923666,13.88382819796666,-49.37932103300913,-47.4437158840625,0,1,1,0,0,0,3,1,0,0,0,0,1,0,0,0,0,1,0,0,0,0
234,2025-07-31 09:26:13.356987136,2025-07-31 09:26:14.851888896,43.71292891013581,43.713105806861016,10.421084637923666,10.42113055666899,13.49934270940103,-49.918288792647886,-48.28562960280964,0,0,0,0,0,0,2,0,0,0,0,0,0,0,0,0,0,0,0,0,0,0
235,2025-07-31 09:26:14.851888896,2025-07-31 09:26:16.373091328,43.713105806861016,43.71328290550876,10.42113055666899,10.42117494910348,13.23611482516792,-50.26223891419749,-49.12851839264267,0,1,0,0,0,2,5,0,0,0,0,0,0,0,0,0,0,0,0,0,0,0
236,2025-07-31 09:26:16.373091328,2025-07-31 09:26:17.955288832,43.71328290550876,43.71346008177735,10.42117494910348,10.421218733185077,12.778539226998538,-51.06250749783135,-49.24854994734082,0,3,0,0,0,1,3,0,0,0,0,0,0,0,0,0,0,0,0,0,0,0
237,2025-07-31 09:26:17.955288832,2025-07-31 09:26:19.611550464,43.71346008177735,43.71363754613155,10.421218733185077,10.42126028876148,12.218672437023098,-51.604526476233325,-50.01672249278975,0,1,0,0,0,2,1,0,0,0,0,0,0,0,0,0,0,0,0,0,0,0
238,2025-07-31 09:26:19.611550464,2025-07-31 09:26:21.337784320,43.71363754613155,43.71381488212198,10.42126028876148,10.421302881633464,11.722271149138123,-53.19181179479406,-51.73048569676199,0,3,0,0,0,0,0,0,0,0,0,0,0,0,0,0,0,0,0,0,0,0
239,2025-07-31 09:26:21.337784320,2025-07-31 09:26:23.169006592,43.71381488212198,43.71399244061733,10.421302881633464,10.421343661809976,11.141693556450974,-54.52621447325318,-53.23201450989407,0,2,0,0,0,2,3,0,0,0,1,0,0,0,0,0,0,0,0,0,0,1
240,2025-07-31 09:26:23.169006592,2025-07-31 09:26:25.095045632,43.71399244061733,43.7141699039641,10.421343661809976,10.421385234248122,10.549377424867462,-55.888304567140935,-52.91276872836114,0,1,0,0,0,2,3,0,0,0,0,0,0,0,0,0,0,0,0,0,0,0
241,2025-07-31 09:26:25.095045632,2025-07-31 09:26:27.217430272,43.7141699039641,43.71434703203241,10.421385234248122,10.421429348604018,9.7174141511683,-58.476501040130046,-56.6020064997374,0,0,0,0,0,2,3,0,0,0,0,0,0,0,0,0,0,0,0,0,0,0
242,2025-07-31 09:26:29,2025-07-31 09:26:32.555958016,43.71448166666666,43.71465927200687,10.421461666666668,10.421502039720744,4.146381800653863,-63.0315964411805,-56.23882266478983,-1,0,0,0,0,2,6,0,0,0,0,0,0,0,0,0,0,0,0,0,0,1
243,2025-07-31 09:27:14,2025-07-31 09:27:21.650349824,43.714713333333336,43.714886596745,10.42151,10.42155658508268,4.181140234133631,-75.76137174329939,-65.82167959141916,-1,0,0,0,0,2,4,0,0,0,0,0,0,0,0,0,0,0,0,0,0,1
244,2025-07-31 09:27:21.650349824,2025-07-31 09:27:25.427944704,43.714886596745,43.71502331870859,10.42155658508268,10.421421477668792,5.266426938845014,-61.50748208416705,-55.990468194402766,-1,0,0,0,0,1,2,0,0,0,0,0,0,0,0,0,0,0,0,0,0,0
245,2025-07-31 09:27:25.427944704,2025-07-31 09:27:28.080623616,43.71502331870859,43.71506067186399,10.421421477668792,10.421180002219916,7.181243732868693,-57.9087005892553,-55.17798375405753,0,0,1,0,0,3,2,0,0,0,0,0,0,0,0,0,0,0,0,0,0,0
246,2025-07-31 09:27:29,2025-07-31 09:27:31.202942720,43.715068333333335,43.71508268138012,10.421085,10.420837627259308,9.485166002592129,-57.75369466136341,-56.05082515950524,0,0,0,0,2,1,1,0,0,0,0,0,0,0,1,0,0,0,0,0,0,1
247,2025-07-31 09:27:31.202942720,2025-07-31 09:27:33.058320128,43.71508268138012,43.7150918610673,10.420837627259308,10.42058977970536,10.34292144021932,-54.594598771702735,-52.887258978727296,0,1,0,0,2,2,1,0,0,0,0,0,1,0,0,1,0,1,0,0,0,1
248,2025-07-31 09:27:33.058320128,2025-07-31 09:27:34.724889344,43.7150918610673,43.7150974162978,10.42058977970536,10.42034172511697,11.659074699069206,-50.8293770967893,-48.53189325120496,1,1,5,0,2,4,1,4,0,0,2,0,1,0,0,0,0,1,0,0,0,1
249,2025-07-31 09:27:34.724889344,2025-07-31 09:27:36.280985344,43.7150974162978,43.71510166666667,10.42034172511697,10.420093637401592,12.56437815720438,-49.62978565820752,-48.01169217963866,1,2,1,0,0,2,4,4,0,0,1,0,0,0,0,0,0,0,0,0,0,0
250,2025-07-31 09:27:36.280985344,2025-07-31 09:27:37.784987136,43.71510166666667,43.71510035835458,10.420093637401592,10.419845477103594,13.154739690728803,-51.04290006386289,-49.53267853684635,0,0,0,0,0,3,4,5,0,0,1,0,0,0,0,0,0,0,0,0,0,2
251,2025-07-31 09:27:37.784987136,2025-07-31 09:27:39.277649152,43.71510035835458,43.71509314900564,10.419845477103594,10.419597521222968,13.353210777902277,-48.92137318690898,-46.31103813998168,1,2,2,0,3,4,1,2,0,0,2,0,0,0,0,0,0,1,0,0,0,1
252,2025-07-31 09:27:39.277649152,2025-07-31 09:27:40.794697728,43.71509314900564,43.71508171085304,10.419597521222968,10.41934985721575,13.261138859981957,-52.03704674789349,-51.36978325330952,0,1,3,0,0,1,0,0,0,0,1,0,0,0,0,0,0,0,0,0,0,1
253,2025-07-31 09:27:40.794697728,2025-07-31 09:27:42.342828288,43.71508171085304,43.715068238384205,10.41934985721575,10.419102385527742,13.000309740945855,-48.437883749069805,-47.69962471113559,1,3,6,0,0,1,1,7,2,0,3,5,3,0,0,0,0,3,0,0,0,2
254,2025-07-31 09:27:42.342828288,2025-07-31 09:27:43.913873152,43.715068238384205,43.71505252793465,10.419102385527742,10.418855159865137,12.786251335389665,-48.584180655036114,-45.88346062943369,2,4,5,0,0,2,1,3,0,0,1,2,4,0,0,0,0,1,0,0,0,1
255,2025-07-31 09:27:43.913873152,2025-07-31 09:27:45.511075840,43.71505252793465,43.71503403744878,10.418855159865137,10.418608301707778,12.58802163536066,-48.88103072407596,-45.50361121575729,2,2,1,0,0,1,0,4,2,0,0,4,0,0,0,0,0,0,0,0,0,3
256,2025-07-31 09:27:45.511075840,2025-07-31 09:27:47.119475712,43.71503403744878,43.71501527278453,10.418608301707778,10.418361481280318,12.465432940883494,-47.88616223190672,-44.66988779934513,2,5,1,0,0,3,0,0,0,0,0,3,1,0,0,0,0,2,0,0,0,1
257,2025-07-31 09:27:47.119475712,2025-07-31 09:27:48.712036352,43.71501527278453,43.71499669290823,10.418361481280318,10.418114634352166,12.499574107114324,-47.94287117482002,-43.95038436066572,2,2,0,1,0,3,0,0,0,0,0,0,0,0,0,0,0,1,0,0,0,2
258,2025-07-31 09:27:48.712036352,2025-07-31 09:27:50.272105984,43.71499669290823,43.7149789456076,10.418114634352166,10.417867676211769,12.726052376304466,-48.40128369780413,-46.2286657814508,2,1,0,1,0,1,0,1,0,0,0,1,2,0,0,0,0,1,0,0,0,2
259,2025-07-31 09:27:50.272105984,2025-07-31 09:27:51.808854272,43.7149789456076,43.71496223003376,10.417867676211769,10.417620583320096,12.93763125291241,-47.88317110441965,-46.54272098298528,1,0,2,0,1,0,0,0,0,0,0,0,2,0,0,0,0,1,1,0,0,3
260,2025-07-31 09:27:51.808854272,2025-07-31 09:27:53.382728960,43.71496223003376,43.71494450604451,10.417620583320096,10.41737361945282,12.797851759359013,-47.75235420307975,-46.32508069475087,1,0,0,0,3,0,0,1,0,0,0,0,2,0,0,0,0,0,0,0,0,2
261,2025-07-31 09:27:53.382728960,2025-07-31 09:27:55.141250560,43.71494450604451,43.714929058329794,10.41737361945282,10.417126364525789,11.729111715888436,-50.84254939083017,-47.22757270262672,1,1,1,0,2,0,0,0,0,0,0,0,0,0,0,0,0,0,0,0,0,1
262,2025-07-31 09:27:55.141250560,2025-07-31 09:27:58.269609472,43.714929058329794,43.71491243463542,10.417126364525789,10.416879272786524,7.835184722193862,-59.80423880202036,-54.08155528762542,0,1,0,0,0,0,0,1,0,0,0,0,3,0,0,0,0,0,0,0,0,0
263,2025-07-31 09:27:59,2025-07-31 09:28:01.989136896,43.71491,43.71489507241995,10.416836666666669,10.416589365317623,7.68428407361399,-56.24951767887742,-52.89551859692223,1,0,0,0,1,0,0,1,0,0,0,0,0,0,0,0,0,0,1,0,0,3
264,2025-07-31 09:28:01.989136896,2025-07-31 09:28:04.229532928,43.71489507241995,43.71487898878396,10.416589365317623,10.416342209956916,8.620016217104277,-52.30210216744558,-50.20599286706496,2,0,0,0,0,1,0,0,0,0,0,0,0,0,0,0,0,0,0,0,0,1
265,2025-07-31 09:28:04.229532928,2025-07-31 09:28:06.065554432,43.71487898878396,43.71485745927528,10.416342209956916,10.416095822390472,10.394636352212189,-51.90916974153652,-50.04777783761295,1,2,0,0,0,0,0,0,1,0,0,1,1,0,0,0,0,0,0,0,0,2
266,2025-07-31 09:28:06.065554432,2025-07-31 09:28:07.842847744,43.71485745927528,43.714833762028526,10.416095822390472,10.41584981079235,11.19421583384525,-48.21909630903792,-46.86667182707387,2,1,0,0,0,1,0,1,0,0,0,0,0,0,0,0,0,5,0,0,0,1
267,2025-07-31 09:28:07.842847744,2025-07-31 09:28:09.871222784,43.714833762028526,43.71480838369589,10.41584981079235,10.415604165491082,10.163761125098295,-51.00288392962646,-46.72403809472741,2,0,0,0,0,1,0,1,0,0,0,0,1,0,0,0,0,0,1,0,0,3
268,2025-07-31 09:28:09.871222784,2025-07-31 09:28:12.479179776,43.71480838369589,43.71477274290191,10.415604165491082,10.415361005781106,8.238622066947537,-55.82931840114964,-51.84196462260972,1,0,1,0,0,1,0,0,0,0,0,0,1,0,0,0,0,0,0,0,0,0
269,2025-07-31 09:28:12.479179776,2025-07-31 09:28:15.177789440,43.71477274290191,43.7147423331585,10.415361005781106,10.41511644333712,7.419973818272048,-56.22377308687301,-52.00863642012639,2,0,2,0,0,0,0,0,0,0,0,0,2,0,0,0,0,0,0,0,0,1
270,2025-07-31 09:28:15.177789440,2025-07-31 09:28:17.667821824,43.7147423331585,43.71470664934011,10.41511644333712,10.414873217822915,7.854566369692401,-55.42403380734687,-52.373829493556734,1,1,6,2,2,1,1,4,0,0,1,0,4,4,0,0,0,3,2,0,0,2
271,2025-07-31 09:28:17.667821824,2025-07-31 09:28:20.051414272,43.71470664934011,43.71467273349992,10.414873217822915,10.41462951580887,8.322114569530171,-51.90518503315526,-47.170419270331806,2,3,5,1,1,1,1,3,1,0,0,2,4,3,0,2,0,1,4,0,0,3
272,2025-07-31 09:28:20.051414272,2025-07-31 09:28:22.314738176,43.71467273349992,43.71464080349206,10.41462951580887,10.414385378809529,8.707506807646004,-52.52410742208805,-50.637553730954224,2,3,1,2,1,2,1,1,0,0,0,0,1,2,0,0,0,2,0,0,0,2
273,2025-07-31 09:28:22.314738176,2025-07-31 09:28:24.608496896,43.71464080349206,43.714607900870426,10.414385378809529,10.414141469489902,8.717422037581096,-51.48116597890843,-47.34603772368797,2,3,8,0,0,1,0,0,0,0,0,0,1,0,0,1,0,1,0,0,0,1
274,2025-07-31 09:28:24.608496896,2025-07-31 09:28:27.181714688,43.714607900870426,43.71458469714225,10.414141469489902,10.413895462827965,7.8772795564888,-53.035454273573706,-48.81651748711906,2,2,4,0,1,2,0,3,0,0,0,0,2,1,0,1,0,1,1,0,0,3
275,2025-07-31 09:28:29,2025-07-31 09:28:39.615783168,43.714576666666666,43.71445152650609,10.413766666666668,10.413624491164638,3.3484095795097555,-80.14835927917726,-64.54285076942152,-1,3,2,5,0,2,0,1,0,0,0,1,1,4,0,1,0,1,2,0,0,3
276,2025-07-31 09:28:39.615783168,2025-07-31 09:28:43.330531072,43.71445152650609,43.71430290855341,10.413624491164638,10.413760396756585,4.965562252267728,-60.713133610634266,-56.87783488855223,-1,4,4,1,0,1,1,0,0,0,0,0,2,0,0,1,0,3,2,0,0,2
277,2025-07-31 09:28:43.330531072,2025-07-31 09:28:46.025350400,43.71430290855341,43.71417556814993,10.413760396756585,10.41393548811616,7.240760236407172,-56.06857156233882,-53.60032780424932,1,4,2,1,2,0,5,5,1,0,0,2,1,5,0,1,0,0,1,0,0,3
278,2025-07-31 09:28:46.025350400,2025-07-31 09:28:48.311810560,43.71417556814993,43.71406826249194,10.41393548811616,10.414134514384491,8.49404770276064,-53.166035264635234,-50.72191567896387,2,7,6,0,0,0,4,3,0,0,0,0,1,0,0,0,0,0,0,0,0,1
279,2025-07-31 09:28:48.311810560,2025-07-31 09:28:50.231721984,43.71406826249194,43.71396136102458,10.414134514384491,10.414333822764863,9.950809957235249,-52.851261026349206,-50.17687205228361,1,1,0,0,0,1,0,0,0,0,1,0,0,0,0,1,0,1,0,0,0,0
280,2025-07-31 09:28:50.231721984,2025-07-31 09:28:52.164578560,43.71396136102458,43.71387120159283,10.414333822764863,10.414548377946671,10.509294199232148,-53.03832248957848,-49.669682793776,1,0,0,0,0,2,0,0,0,0,0,0,0,0,0,0,0,0,0,0,0,1
281,2025-07-31 09:28:52.164578560,2025-07-31 09:28:54.099596032,43.71387120159283,43.71379451548516,10.414548377946671,10.414772622230997,10.3172865795783,-53.76170326995409,-51.60493626032647,0,0,0,0,0,4,0,0,0,0,1,0,0,0,0,1,0,0,0,0,0,0
282,2025-07-31 09:28:54.099596032,2025-07-31 09:28:56.039902208,43.71379451548516,43.71370980456911,10.414772622230997,10.414991388414052,10.572705451738312,-52.37096861665821,-50.74181258657415,0,0,0,0,1,0,0,0,0,0,0,0,0,0,0,1,0,0,0,0,0,1
283,2025-07-31 09:28:56.039902208,2025-07-31 09:28:57.847813376,43.71370980456911,43.713624022355184,10.414991388414052,10.415209563645393,10.973619549578292,-50.911381761522485,-48.51786234361943,1,1,0,0,0,1,0,0,0,0,2,0,0,0,0,1,0,0,0,0,0,0
284,2025-07-31 09:28:59,2025-07-31 09:29:00.719619328,43.71356333333333,43.7134761530053,10.415355,10.41557208637443,11.551611986201454,-49.47674908146103,-47.97262181409897,1,0,0,0,1,0,0,0,0,0,1,0,0,0,0,0,0,0,0,0,0,1
285,2025-07-31 09:29:00.719619328,2025-07-31 09:29:02.498967552,43.7134761530053,43.713382553336885,10.41557208637443,10.415784044507982,11.36554811723728,-51.2878237178336,-47.784454212282775,1,1,0,0,2,1,1,0,0,0,0,0,0,0,0,0,0,0,0,0,0,2
286,2025-07-31 09:29:02.498967552,2025-07-31 09:29:04.454735616,43.713382553336885,43.71329362811794,10.415784044507982,10.415999715681096,10.48063534082098,-54.51615893059487,-53.60799012513827,0,0,0,0,0,2,0,0,0,0,0,0,0,0,0,0,0,0,0,0,0,0
287,2025-07-31 09:29:04.454735616,2025-07-31 09:29:07.454049536,43.71329362811794,43.713186225347016,10.415999715681096,10.416197107986314,7.209928835845908,-62.619156318581865,-55.58810025816448,0,0,0,0,1,2,0,0,0,0,0,0,0,0,0,0,0,0,0,0,0,1
288,2025-07-31 09:29:07.454049536,2025-07-31 09:29:14.770352640,43.713186225347016,43.71307319764957,10.416197107986314,10.416367369391,4.50830911110466,-72.6584088834407,-61.93069858536199,-1,0,0,0,0,1,0,0,0,0,0,0,0,0,0,0,0,0,0,0,0,0
289,2025-07-31 09:29:14.770352640,2025-07-31 09:29:17.835404544,43.71307319764957,43.713086961704526,10.416367369391,10.416614384143704,6.299615745421127,-58.31646364189952,-54.70148946754772,1,2,0,0,2,0,0,0,0,0,0,0,2,0,0,0,0,0,0,0,0,1
290,2025-07-31 09:29:17.835404544,2025-07-31 09:29:20.062041344,43.713086961704526,43.71309635646043,10.416614384143704,10.416862031341257,8.615627929967152,-57.74140705880872,-56.36200830541623,0,2,0,0,0,2,0,0,0,0,0,0,0,0,0,0,0,0,0,0,0,0
291,2025-07-31 09:29:20.062041344,2025-07-31 09:29:22.307391232,43.71309635646043,43.7130841050722,10.416862031341257,10.41710958478589,8.848643903099589,-56.13007484263497,-48.9143931652373,2,2,0,0,3,2,0,0,0,0,0,0,0,0,0,0,0,0,0,0,0,1
292,2025-07-31 09:29:22.307391232,2025-07-31 09:29:25.031200,43.7130841050722,43.71306135466698,10.41710958478589,10.417355569331084,7.63460321686436,-58.43968943168598,-49.32186342749037,2,1,0,0,0,0,1,1,0,0,0,1,1,0,0,0,0,1,0,0,0,1
293,2025-07-31 09:29:29,2025-07-31 09:29:38.511157504,43.71304333333333,43.713028184565495,10.417503333333332,10.417749263132324,5.971745487386718,-75.31402542682709,-53.41918080008768,2,1,4,0,0,2,2,1,0,0,2,0,1,0,0,0,0,0,0,0,0,1
294,2025-07-31 09:29:38.511157504,2025-07-31 09:29:41.025315840,43.713028184565495,43.712987869209975,10.417749263132324,10.41799111807348,7.194757545411668,-53.64254542772478,-50.39869234039361,2,1,1,0,1,0,0,0,0,0,1,0,0,0,0,0,0,0,0,0,0,1
295,2025-07-31 09:29:41.025315840,2025-07-31 09:29:43.170574848,43.712987869209975,43.7129465885045,10.41799111807348,10.418232665141153,8.963116228070502,-52.00711529895008,-48.687819596217786,2,3,2,0,0,0,3,1,2,0,1,1,2,0,0,1,0,0,0,0,0,3
296,2025-07-31 09:29:43.170574848,2025-07-31 09:29:45.284204032,43.7129465885045,43.71289742122368,10.418232665141153,10.418471262452318,9.499246310696403,-52.42206761803551,-49.61782458376817,2,4,6,0,3,4,6,1,1,2,3,0,2,0,0,0,0,0,0,0,0,3
297,2025-07-31 09:29:45.284204032,2025-07-31 09:29:47.459079168,43.71289742122368,43.71284185635324,10.418471262452318,10.418707301781698,9.296656769250284,-52.517762610510005,-50.20930741190198,1,0,0,0,0,2,1,0,0,0,1,0,2,0,0,0,0,0,0,0,0,0
298,2025-07-31 09:29:47.459079168,2025-07-31 09:29:49.697169152,43.71284185635324,43.71278358020994,10.418707301781698,10.418942040802945,9.003648411149726,-53.62775403310688,-50.93828723472058,1,1,0,0,1,3,1,2,0,0,3,0,0,0,0,1,0,1,0,0,0,1
299,2025-07-31 09:29:49.697169152,2025-07-31 09:29:51.956946688,43.71278358020994,43.71272274299928,10.418942040802945,10.419175551158515,8.844115199307689,-54.0325023093252,-52.119825412194125,1,0,0,0,3,0,1,0,1,0,1,0,0,0,0,0,0,1,0,0,0,2
300,2025-07-31 09:29:51.956946688,2025-07-31 09:29:54.180705536,43.71272274299928,43.712658072950525,10.419175551158515,10.41940700624932,8.884337014613454,-53.69352275371912,-48.9251451445394,2,0,1,0,1,1,5,0,0,0,3,0,0,0,0,0,0,0,0,0,0,2
301,2025-07-31 09:29:54.180705536,2025-07-31 09:29:56.375494144,43.712658072950525,43.71258436099614,10.41940700624932,10.41963317524915,8.963131319582423,-56.51232926636122,-52.88203327891527,0,2,0,0,0,0,0,0,0,0,0,1,1,0,0,0,0,0,0,0,0,0
302,2025-07-31 09:29:56.375494144,2025-07-31 09:29:58.581932544,43.71258436099614,43.71251657213967,10.41963317524915,10.419863042680069,9.099593363068127,-55.69879976659946,-53.64188190290568,0,0,1,0,0,0,4,0,0,0,0,0,4,0,0,0,0,1,0,0,0,0
303,2025-07-31 09:29:59,2025-07-31 09:30:01.114729216,43.71250333333333,43.71243989145694,10.419908333333334,10.420140571116056,9.442299933582897,-54.60354027068475,-52.7937487668148,0,0,0,0,0,2,3,0,0,0,0,0,0,0,0,0,0,1,0,0,0,0
304,2025-07-31 09:30:01.114729216,2025-07-31 09:30:03.294034176,43.71243989145694,43.71237833570105,10.420140571116056,10.42037371685501,9.284513966587284,-54.41687095647143,-51.50741385179296,1,0,1,1,2,0,0,0,0,1,0,0,0,0,0,1,0,1,0,0,0,3
305,2025-07-31 09:30:03.294034176,2025-07-31 09:30:05.770436096,43.71237833570105,43.71231625794695,10.42037371685501,10.420606634878837,8.161534620591702,-58.47852790124572,-54.26835183150008,0,5,2,0,1,1,0,1,0,0,1,0,2,0,0,0,0,3,0,0,0,2
306,2025-07-31 09:30:33,2025-07-31 09:30:41.044098816,43.71228666666666,43.71216127539447,10.420691666666666,10.420811225679763,4.510607535592135,-72.70364924492617,-62.49581981477802,-1,1,0,0,0,2,2,3,0,0,0,0,0,0,0,0,0,1,0,0,0,2
307,2025-07-31 09:30:41.044098816,2025-07-31 09:30:44.097425920,43.71216127539447,43.71198403496021,10.420811225679763,10.420768051479202,6.177059327623775,-55.80056142786452,-42.75002632579885,2,3,2,1,0,1,3,1,1,0,1,0,3,0,0,1,0,3,0,0,0,3
308,2025-07-31 09:30:44.097425920,2025-07-31 09:30:46.333491968,43.71198403496021,43.71180720901022,10.420768051479202,10.420721663495785,8.44708579152259,-56.65502258388668,-54.09938933777606,0,1,1,0,2,1,4,1,0,1,1,0,1,0,0,0,0,1,0,0,0,2
309,2025-07-31 09:30:46.333491968,2025-07-31 09:30:48.291040768,43.71180720901022,43.71162971432165,10.420721663495785,10.420680360782738,9.86307707814393,-52.18693731118227,-48.87647935785054,2,3,1,0,0,0,1,1,0,0,0,0,1,1,0,0,0,2,0,0,0,2
310,2025-07-31 09:30:48.291040768,2025-07-31 09:30:50.108334080,43.71162971432165,43.71145155548197,10.420680360782738,10.42064504165484,10.818543010971734,-51.41268380100972,-49.63046043285463,1,1,2,0,0,1,0,1,0,0,1,0,0,0,1,0,0,0,0,0,0,1
311,2025-07-31 09:30:50.108334080,2025-07-31 09:30:52.395524864,43.71145155548197,43.71127254962728,10.42064504165484,10.420619029833649,9.13412243084448,-60.5243852149221,-52.92494679430802,0,2,0,0,0,0,1,1,0,0,1,1,0,0,0,1,0,0,0,0,0,1
312,2025-07-31 09:30:52.395524864,2025-07-31 09:30:58.203091712,43.71127254962728,43.71109520966268,10.420619029833649,10.420578307568617,5.8476612796193255,-69.74078808379407,-63.05673271910251,0,3,1,0,1,1,0,1,0,0,0,0,1,0,0,0,0,0,0,0,0,1
313,2025-07-31 09:30:59,2025-07-31 09:31:02.855589888,43.711063333333335,43.71096548136673,10.420571666666667,10.42074178053184,6.276502602822939,-58.5191236339826,-52.973344215014464,2,5,3,0,1,3,1,5,0,0,1,0,0,0,0,0,0,1,0,0,0,2
314,2025-07-31 09:31:02.855589888,2025-07-31 09:31:05.284503296,43.71096548136673,43.71096880750532,10.42074178053184,10.42098985870594,7.600289275259754,-52.92483755010117,-47.76158248839205,2,1,2,0,0,1,0,0,0,0,0,1,3,0,1,1,0,0,0,0,0,2
315,2025-07-31 09:31:05.284503296,2025-07-31 09:31:07.173410048,43.71096880750532,43.71097224469997,10.42098985870594,10.42123796718205,10.13078714691757,-51.62369499328516,-47.640653967954506,2,0,2,0,0,1,0,0,0,0,1,0,0,0,0,0,0,0,0,0,0,1
316,2025-07-31 09:31:07.173410048,2025-07-31 09:31:08.758478848,43.71097224469997,43.71097879239419,10.42123796718205,10.421485954078834,12.09131298798858,-50.57698138016852,-48.73304335565692,1,0,0,0,0,1,1,0,0,0,0,0,0,0,0,0,0,0,0,0,0,1
317,2025-07-31 09:31:08.758478848,2025-07-31 09:31:10.266142464,43.71097879239419,43.71098588714189,10.421485954078834,10.42173391352348,13.076552811948456,-48.83827111037353,-44.47347129543011,2,0,1,0,2,1,0,0,0,0,0,0,0,0,0,0,0,1,0,0,0,2
318,2025-07-31 09:31:10.266142464,2025-07-31 09:31:11.754307840,43.71098588714189,43.710990847692834,10.42173391352348,10.421981975155,13.406896719526728,-47.6592890914604,-45.85812174887489,1,2,2,0,0,2,0,1,1,0,0,0,1,0,0,0,0,3,0,0,0,3
319,2025-07-31 09:31:11.754307840,2025-07-31 09:31:13.202430464,43.710990847692834,43.71099265856518,10.421981975155,10.422230087943568,13.685188643803802,-48.26965506719367,-46.42774081240732,1,5,2,0,0,2,2,2,1,0,0,0,0,0,0,0,0,1,0,0,0,3
320,2025-07-31 09:31:13.202430464,2025-07-31 09:31:14.658921216,43.71099265856518,43.71098780359611,10.422230087943568,10.422478153527509,13.742638432238742,-49.32293382441891,-47.62784851496056,0,1,1,0,0,1,0,0,0,0,0,2,0,0,0,0,0,0,0,0,0,0
321,2025-07-31 09:31:14.658921216,2025-07-31 09:31:16.336500224,43.71098780359611,43.71097831749948,10.422478153527509,10.422725940845892,12.48091151695246,-56.05887150841473,-51.607941182826806,0,2,3,0,0,0,2,1,2,0,2,0,0,0,0,0,0,0,0,0,0,2
322,2025-07-31 09:31:16.336500224,2025-07-31 09:31:19.002691328,43.71097831749948,43.71096665321051,10.422725940845892,10.422973535175515,8.705586133788788,-61.286645705773495,-59.04438979699269,0,2,2,0,0,1,3,3,6,0,1,0,0,0,0,0,0,0,0,0,0,3
323,2025-07-31 09:31:19.002691328,2025-07-31 09:31:21.932304896,43.71096665321051,43.710948784633416,10.422973535175515,10.423220461290429,6.733900990506536,-56.38797025752785,-54.341233498195166,1,0,3,0,0,1,1,0,3,0,1,1,0,0,0,2,0,0,0,0,0,2
324,2025-07-31 09:31:21.932304896,2025-07-31 09:31:24.245544448,43.710948784633416,43.71092590759154,10.423220461290429,10.423466541248434,8.34473326809493,-55.4141142522064,-52.08104997310009,1,2,3,0,0,1,0,0,0,0,1,0,0,0,0,1,0,0,0,0,0,0
325,2025-07-31 09:31:24.245544448,2025-07-31 09:31:26.114849792,43.71092590759154,43.71088469642242,10.423466541248434,10.423707937057609,10.244143602970222,-53.90820450541579,-50.61288596112375,1,0,2,0,0,1,0,0,0,0,1,0,0,0,0,0,0,0,0,0,0,0
326,2025-07-31 09:31:26.114849792,2025-07-31 09:31:27.731478784,43.71088469642242,43.71082984577593,10.423707937057609,10.423944274290436,11.914726914610164,-50.6438985952987,-48.841067394264925,1,1,0,1,0,0,0,0,1,0,1,0,0,0,0,0,0,0,0,0,0,1
327,2025-07-31 09:31:29,2025-07-31 09:31:30.552761088,43.71077833333333,43.71070661654943,10.424136666666667,10.424364229083292,12.837156538984589,-51.53151281427526,-48.77821041413082,0,0,2,0,0,3,2,0,0,0,0,0,0,0,0,0,0,0,0,0,0,0
328,2025-07-31 09:31:30.552761088,2025-07-31 09:31:32.112896,43.71070661654943,43.71062564554055,10.424364229083292,10.424585805456044,12.84372563806206,-51.00745759927037,-48.352421325518776,0,0,0,0,1,3,2,1,0,0,1,0,0,0,0,1,0,0,0,0,0,1
329,2025-07-31 09:31:32.112896,2025-07-31 09:31:33.677545984,43.71062564554055,43.71054106830543,10.424585805456044,10.424804856434667,12.827008971207135,-49.74030089113619,-46.20019915169202,1,1,1,0,0,0,0,2,0,1,2,0,1,0,0,0,0,1,0,0,0,2
330,2025-07-31 09:31:33.677545984,2025-07-31 09:31:35.192400128,43.71054106830543,43.71045377665956,10.424804856434667,10.42502187268472,13.058766545139392,-48.03758316892566,-45.93024273758622,2,1,1,0,0,2,0,0,1,0,0,0,0,0,0,0,0,0,0,0,0,2
331,2025-07-31 09:31:35.192400128,2025-07-31 09:31:36.653189632,43.71045377665956,43.71036747528503,10.42502187268472,10.425239645120747,13.52381306124929,-48.32089332930089,-46.8962227758192,1,2,0,0,1,0,0,0,0,0,0,0,0,0,0,0,0,0,0,0,0,1
332,2025-07-31 09:31:36.653189632,2025-07-31 09:31:38.111342848,43.71036747528503,43.71027998609402,10.425239645120747,10.42545651586015,13.710929502744458,-45.91996914075448,-40.16733788113521,2,2,0,0,0,0,0,0,0,0,0,0,0,0,1,0,0,0,0,0,0,2
333,2025-07-31 09:31:38.111342848,2025-07-31 09:31:39.562798080,43.71027998609402,43.71019289878084,10.42545651586015,10.425673691044716,13.754250124277643,-48.05083820022735,-46.79978072636038,1,1,0,0,0,0,1,2,1,0,0,0,0,0,0,1,0,0,0,0,0,3
334,2025-07-31 09:31:39.562798080,2025-07-31 09:31:40.962480896,43.71019289878084,43.71010570954035,10.425673691044716,10.425890788680904,14.12777369599709,-48.688615799675496,-48.09668008027612,0,1,3,0,0,0,1,0,0,0,0,0,0,0,0,0,0,0,0,0,0,0
335,2025-07-31 09:31:40.962480896,2025-07-31 09:31:42.299593216,43.71010570954035,43.71001836045205,10.425890788680904,10.426107766214498,14.714818742789564,-48.43552384171404,-47.18217837679016,0,10,1,0,0,2,5,0,0,0,4,0,1,0,0,0,0,0,0,0,0,2
336,2025-07-31 09:31:42.299593216,2025-07-31 09:31:43.604140800,43.71001836045205,43.70993139061239,10.426107766214498,10.426325030370377,15.179357129735603,-49.59205704840349,-48.56568138280031,0,2,0,0,2,0,1,0,0,0,0,0,0,0,0,0,0,0,0,0,0,1
337,2025-07-31 09:31:43.604140800,2025-07-31 09:31:44.904921344,43.70993139061239,43.70984467190327,10.426325030370377,10.426542486908492,15.357455177981194,-48.375854328321765,-46.69340281423662,0,0,1,0,0,1,0,0,0,0,0,0,0,0,0,0,0,0,0,0,0,0
338,2025-07-31 09:31:44.904921344,2025-07-31 09:31:46.233432320,43.70984467190327,43.70975893834527,10.426542486908492,10.42676068249154,15.179895964640084,-50.340508524964925,-49.08119769535601,0,4,0,0,0,3,2,1,0,0,2,1,0,0,0,1,0,0,0,0,0,2
339,2025-07-31 09:31:46.233432320,2025-07-31 09:31:47.625719808,43.70975893834527,43.70967516634762,10.42676068249154,10.426980319895351,14.64032111926555,-48.41246302703358,-46.01471949143149,1,3,0,0,0,0,0,0,0,0,1,3,0,0,0,0,0,0,0,0,0,0
340,2025-07-31 09:31:47.625719808,2025-07-31 09:31:49.203463936,43.70967516634762,43.70959587298547,10.426980319895351,10.427203059257026,13.21030976438324,-55.012003172084384,-51.05421269755719,0,1,0,0,0,1,0,0,0,0,0,2,0,0,0,0,0,0,0,0,0,0
341,2025-07-31 09:31:49.203463936,2025-07-31 09:31:51.946181888,43.70959587298547,43.70952098666558,10.427203059257026,10.427428706669913,8.582045728238178,-67.0080050154088,-57.591401738323206,0,2,2,0,0,1,1,0,0,0,1,4,0,0,0,0,0,0,0,0,0,2
342,2025-07-31 09:31:59,2025-07-31 09:32:04.082173440,43.70949333333333,43.7093743616224,10.427501666666666,10.42768438257759,6.039840465296371,-62.93781198227167,-55.183841054554826,1,0,1,0,0,0,1,0,0,0,0,1,0,0,0,0,0,0,0,0,0,1
343,2025-07-31 09:32:04.082173440,2025-07-31 09:32:07.011329280,43.7093743616224,43.70925314451221,10.42768438257759,10.427864315203175,6.347668397631848,-57.66970823132436,-53.87514317150716,2,1,2,0,0,0,1,0,0,0,0,0,0,0,0,0,0,0,0,0,0,1
344,2025-07-31 09:32:07.011329280,2025-07-31 09:32:09.549144320,43.70925314451221,43.70923758190699,10.427864315203175,10.428109490620976,7.542543413954212,-54.66820978714878,-51.72942710540214,2,0,1,0,0,0,0,0,0,0,0,0,0,0,0,0,0,0,0,0,0,0
345,2025-07-31 09:32:09.549144320,2025-07-31 09:32:11.663336192,43.70923758190699,43.70920455546048,10.428109490620976,10.428350722554988,9.142039395690418,-56.03857259930268,-53.98382269959919,0,3,0,0,0,0,0,0,0,0,0,0,0,0,0,0,0,0,0,0,0,0
346,2025-07-31 09:32:11.663336192,2025-07-31 09:32:13.506010368,43.70920455546048,43.70912638618477,10.428350722554988,10.42857409464136,10.492669777965842,-48.26217011443979,-45.47889414489874,2,1,0,0,1,1,0,0,0,0,0,0,0,0,0,0,0,0,0,0,0,1
347,2025-07-31 09:32:13.506010368,2025-07-31 09:32:15.252706560,43.70912638618477,43.70904487369431,10.42857409464136,10.42879534282974,11.290520966082472,-46.72886301211221,-43.89987500138216,2,1,1,0,0,0,0,2,0,0,3,1,1,0,0,0,0,0,0,0,0,1
348,2025-07-31 09:32:15.252706560,2025-07-31 09:32:16.978869248,43.70904487369431,43.708964319436525,10.42879534282974,10.429017252998255,11.5677429279767,-49.0769141770839,-47.289197958314034,2,0,0,0,0,0,0,1,0,0,1,0,3,0,0,0,0,1,0,0,0,1
349,2025-07-31 09:32:16.978869248,2025-07-31 09:32:18.745564160,43.708964319436525,43.708884782951145,10.429017252998255,10.429239862172764,11.48151394360493,-47.70998439189908,-45.64941497505333,2,1,0,0,0,2,1,1,0,0,0,0,1,0,0,0,0,0,0,0,0,1
350,2025-07-31 09:32:18.745564160,2025-07-31 09:32:20.581644544,43.708884782951145,43.70880479540306,10.429239862172764,10.42946216127113,11.031031268646938,-51.073369868783935,-48.919762606759846,1,3,3,0,1,0,0,3,0,0,0,1,3,0,0,1,0,2,0,0,0,2
351,2025-07-31 09:32:20.581644544,2025-07-31 09:32:22.503063552,43.70880479540306,43.708724877458906,10.42946216127113,10.42968450876056,10.521094820449196,-55.58616077483856,-51.87702529106996,0,1,0,0,1,0,0,0,0,0,1,0,1,0,1,0,0,0,0,0,0,1
352,2025-07-31 09:32:22.503063552,2025-07-31 09:32:24.495579648,43.708724877458906,43.70864517681793,10.42968450876056,10.429907006383273,10.147711445091796,-54.77742023949311,-50.29788974422801,1,1,2,0,1,0,1,0,0,0,0,0,1,0,0,0,0,0,0,0,0,2
353,2025-07-31 09:32:24.495579648,2025-07-31 09:32:26.470423808,43.70864517681793,43.70856618305103,10.429907006383273,10.430129981355412,10.09787797136523,-50.79744693919627,-47.55165835481846,2,3,1,0,2,2,0,0,0,0,0,3,0,0,0,1,0,0,0,0,0,2
354,2025-07-31 09:32:26.470423808,2025-07-31 09:32:28.585068544,43.70856618305103,43.708487164382696,10.430129981355412,10.430352939728452,9.547410264993122,-54.85922111465923,-50.12437997258704,1,1,0,1,1,0,1,0,0,0,0,0,0,0,0,0,0,1,0,0,0,2
355,2025-07-31 09:32:30,2025-07-31 09:32:33.424390912,43.70844666666667,43.708367471529286,10.43047,10.430692837442294,5.522510447027783,-62.23114659363644,-56.88724614350556,-1,3,0,0,0,0,1,0,0,0,0,0,0,0,0,0,0,0,0,0,0,1
356,2025-07-31 09:32:33.424390912,2025-07-31 09:32:36.923118592,43.708367471529286,43.70828692203662,10.430692837442294,10.430914746433237,5.828387430301811,-60.21504393601536,-56.139302131242,-1,0,1,0,1,1,0,1,0,0,0,0,0,0,0,0,0,1,0,0,0,1
357,2025-07-31 09:32:36.923118592,2025-07-31 09:32:39.887783936,43.70828692203662,43.70820817945765,10.430914746433237,10.431137876401396,6.57643003696732,-55.72853869335022,-53.44013079078697,2,4,0,0,4,2,0,2,0,0,0,0,0,0,2,0,0,0,0,0,0,2
358,2025-07-31 09:32:39.887783936,2025-07-31 09:32:42.494961152,43.70820817945765,43.70812850129288,10.431137876401396,10.431360371444567,7.50901977061275,-55.81655199039511,-53.71020279978427,1,3,2,0,0,0,3,0,1,0,0,0,1,1,0,0,0,1,1,0,0,3
359,2025-07-31 09:32:42.494961152,2025-07-31 09:32:44.914957056,43.70812850129288,43.70804783476317,10.431360371444567,10.431582204401272,8.131961721927853,-55.28097093078363,-52.23930815082745,1,7,1,0,0,0,1,0,0,0,1,1,1,0,0,0,0,2,0,0,0,0
360,2025-07-31 09:32:44.914957056,2025-07-31 09:32:47.364728576,43.70804783476317,43.70796784238424,10.431582204401272,10.431804492229237,8.178340857873872,-54.3344801676525,-51.20239248870724,2,4,1,0,1,2,0,0,3,0,0,0,0,0,0,0,0,0,0,0,0,2
361,2025-07-31 09:32:47.364728576,2025-07-31 09:32:49.851711744,43.70796784238424,43.7078880291312,10.431804492229237,10.432026901195442,8.025779671715338,-55.251408104512144,-52.51692631733494,1,3,0,0,4,0,0,0,0,0,0,0,0,0,0,0,0,0,0,0,0,1
362,2025-07-31 09:32:49.851711744,2025-07-31 09:32:52.406561792,43.7078880291312,43.70780712553968,10.432026901195442,10.432248568698428,7.890315184275199,-55.82495870632201,-53.88153362871357,1,2,0,0,1,0,1,2,0,0,0,0,0,0,0,0,0,0,0,0,0,2
363,2025-07-31 09:32:52.406561792,2025-07-31 09:32:54.937611008,43.70780712553968,43.70772530898865,10.432248568698428,10.432469592943336,7.827639845710195,-56.18542728714357,-51.54586655305853,2,12,0,1,1,0,0,0,0,0,0,0,0,0,0,0,0,1,0,0,0,2
364,2025-07-31 09:32:54.937611008,2025-07-31 09:32:57.741971968,43.70772530898865,43.70764478403527,10.432469592943336,10.432691507987798,7.204984766551148,-59.100218572122536,-53.59242799150521,1,5,0,0,2,0,6,2,0,0,1,0,1,0,0,0,0,3,0,0,0,1
